date,home_team,home_score,away_score,away_team,tournament,country,city,year
1930-07-13,Belgium,0,3,United States,FIFA WC 1930,Uruguay,Montevideo,1930
1930-07-13,France,4,1,Mexico,FIFA WC 1930,Uruguay,Montevideo,1930
1930-07-14,Brazil,1,2,Yugoslavia,FIFA WC 1930,Uruguay,Montevideo,1930
1930-07-14,Peru,1,3,Romania,FIFA WC 1930,Uruguay,Montevideo,1930
1930-07-15,Argentina,1,0,France,FIFA WC 1930,Uruguay,Montevideo,1930
1930-07-16,Chile,3,0,Mexico,FIFA WC 1930,Uruguay,Montevideo,1930
1930-07-17,Bolivia,0,4,Yugoslavia,FIFA WC 1930,Uruguay,Montevideo,1930
1930-07-17,Paraguay,0,3,United States,FIFA WC 1930,Uruguay,Montevideo,1930
1930-07-18,Uruguay,1,0,Peru,FIFA WC 1930,Uruguay,Montevideo,1930
1930-07-19,Argentina,6,3,Mexico,FIFA WC 1930,Uruguay,Montevideo,1930
1930-07-19,Chile,1,0,France,FIFA WC 1930,Uruguay,Montevideo,1930
1930-07-20,Belgium,0,1,Paraguay,FIFA WC 1930,Uruguay,Montevideo,1930
1930-07-20,Bolivia,0,4,Brazil,FIFA WC 1930,Uruguay,Montevideo,1930
1930-07-21,Uruguay,4,0,Romania,FIFA WC 1930,Uruguay,Montevideo,1930
1930-07-22,Argentina,3,1,Chile,FIFA WC 1930,Uruguay,Montevideo,1930
1930-07-26,Argentina,6,1,United States,FIFA WC 1930,Uruguay,Montevideo,1930
1930-07-27,Uruguay,6,1,Yugoslavia,FIFA WC 1930,Uruguay,Montevideo,1930
1930-07-30,Uruguay,4,2,Argentina,FIFA WC 1930,Uruguay,Montevideo,1930
1934-05-27,Argentina,2,3,Sweden,FIFA WC 1934,Italy,Bologna,1934
1934-05-27,Austria,3,2,France,FIFA WC 1934,Italy,Turin,1934
1934-05-27,Belgium,2,5,Germany,FIFA WC 1934,Italy,Florence,1934
1934-05-27,Brazil,1,3,Spain,FIFA WC 1934,Italy,Genoa,1934
1934-05-27,Czechoslovakia,2,1,Romania,FIFA WC 1934,Italy,Trieste,1934
1934-05-27,Egypt,2,4,Hungary,FIFA WC 1934,Italy,Naples,1934
1934-05-27,Italy,7,1,United States,FIFA WC 1934,Italy,Rome,1934
1934-05-27,Netherlands,2,3,Switzerland,FIFA WC 1934,Italy,Milan,1934
1934-05-31,Austria,2,1,Hungary,FIFA WC 1934,Italy,Bologna,1934
1934-05-31,Czechoslovakia,3,2,Switzerland,FIFA WC 1934,Italy,Turin,1934
1934-05-31,Germany,2,1,Sweden,FIFA WC 1934,Italy,Milan,1934
1934-05-31,Italy,1,1,Spain,FIFA WC 1934,Italy,Florence,1934
1934-06-01,Italy,1,0,Spain,FIFA WC 1934,Italy,Florence,1934
1934-06-03,Czechoslovakia,3,1,Germany,FIFA WC 1934,Italy,Rome,1934
1934-06-03,Italy,1,0,Austria,FIFA WC 1934,Italy,Milan,1934
1934-06-07,Austria,2,3,Germany,FIFA WC 1934,Italy,Naples,1934
1934-06-10,Italy,2,1,Czechoslovakia,FIFA WC 1934,Italy,Rome,1934
1938-06-04,Germany,1,1,Switzerland,FIFA WC 1938,France,Paris,1938
1938-06-05,Brazil,6,5,Poland,FIFA WC 1938,France,Strasbourg,1938
1938-06-05,Cuba,3,3,Romania,FIFA WC 1938,France,Toulouse,1938
1938-06-05,Czechoslovakia,3,0,Netherlands,FIFA WC 1938,France,Le Havre,1938
1938-06-05,France,3,1,Belgium,FIFA WC 1938,France,Colombes,1938
1938-06-05,Hungary,6,0,Indonesia,FIFA WC 1938,France,Reims,1938
1938-06-05,Italy,2,1,Norway,FIFA WC 1938,France,Marseille,1938
1938-06-09,Cuba,2,1,Romania,FIFA WC 1938,France,Toulouse,1938
1938-06-09,Germany,2,4,Switzerland,FIFA WC 1938,France,Paris,1938
1938-06-12,Brazil,1,1,Czechoslovakia,FIFA WC 1938,France,Bordeaux,1938
1938-06-12,Cuba,0,8,Sweden,FIFA WC 1938,France,Antibes,1938
1938-06-12,France,1,3,Italy,FIFA WC 1938,France,Colombes,1938
1938-06-12,Hungary,2,0,Switzerland,FIFA WC 1938,France,Lille,1938
1938-06-14,Brazil,2,1,Czechoslovakia,FIFA WC 1938,France,Bordeaux,1938
1938-06-16,Brazil,1,2,Italy,FIFA WC 1938,France,Marseille,1938
1938-06-16,Hungary,5,1,Sweden,FIFA WC 1938,France,Paris,1938
1938-06-19,Brazil,4,2,Sweden,FIFA WC 1938,France,Bordeaux,1938
1938-06-19,Hungary,2,4,Italy,FIFA WC 1938,France,Colombes,1938
1950-06-24,Brazil,4,0,Mexico,FIFA WC 1950,Brazil,Rio de Janeiro,1950
1950-06-25,Chile,0,2,England,FIFA WC 1950,Brazil,Rio de Janeiro,1950
1950-06-25,Italy,2,3,Sweden,FIFA WC 1950,Brazil,São Paulo,1950
1950-06-25,Spain,3,1,United States,FIFA WC 1950,Brazil,Curitiba,1950
1950-06-25,Switzerland,0,3,Yugoslavia,FIFA WC 1950,Brazil,Belo Horizonte,1950
1950-06-28,Brazil,2,2,Switzerland,FIFA WC 1950,Brazil,São Paulo,1950
1950-06-28,Mexico,1,4,Yugoslavia,FIFA WC 1950,Brazil,Porto Alegre,1950
1950-06-29,Chile,0,2,Spain,FIFA WC 1950,Brazil,Rio de Janeiro,1950
1950-06-29,England,0,1,United States,FIFA WC 1950,Brazil,Belo Horizonte,1950
1950-06-29,Paraguay,2,2,Sweden,FIFA WC 1950,Brazil,Curitiba,1950
1950-07-01,Brazil,2,0,Yugoslavia,FIFA WC 1950,Brazil,Rio de Janeiro,1950
1950-07-02,Bolivia,0,8,Uruguay,FIFA WC 1950,Brazil,Belo Horizonte,1950
1950-07-02,Chile,5,2,United States,FIFA WC 1950,Brazil,Recife,1950
1950-07-02,England,0,1,Spain,FIFA WC 1950,Brazil,Rio de Janeiro,1950
1950-07-02,Italy,2,0,Paraguay,FIFA WC 1950,Brazil,São Paulo,1950
1950-07-02,Mexico,1,2,Switzerland,FIFA WC 1950,Brazil,Porto Alegre,1950
1950-07-09,Brazil,7,1,Sweden,FIFA WC 1950,Brazil,Rio de Janeiro,1950
1950-07-09,Spain,2,2,Uruguay,FIFA WC 1950,Brazil,São Paulo,1950
1950-07-13,Brazil,6,1,Spain,FIFA WC 1950,Brazil,Rio de Janeiro,1950
1950-07-13,Sweden,2,3,Uruguay,FIFA WC 1950,Brazil,São Paulo,1950
1950-07-16,Brazil,1,2,Uruguay,FIFA WC 1950,Brazil,Rio de Janeiro,1950
1950-07-16,Spain,1,3,Sweden,FIFA WC 1950,Brazil,São Paulo,1950
1954-06-16,Austria,1,0,Scotland,FIFA WC 1954,Switzerland,Zürich,1954
1954-06-16,Brazil,5,0,Mexico,FIFA WC 1954,Switzerland,Geneva,1954
1954-06-16,Czechoslovakia,0,2,Uruguay,FIFA WC 1954,Switzerland,Berne,1954
1954-06-16,France,0,1,Yugoslavia,FIFA WC 1954,Switzerland,Lausanne,1954
1954-06-17,Belgium,4,4,England,FIFA WC 1954,Switzerland,Basel,1954
1954-06-17,Germany,4,1,Turkey,FIFA WC 1954,Switzerland,Berne,1954
1954-06-17,Hungary,9,0,South Korea,FIFA WC 1954,Switzerland,Zürich,1954
1954-06-17,Switzerland,2,1,Italy,FIFA WC 1954,Switzerland,Lausanne,1954
1954-06-19,Austria,5,0,Czechoslovakia,FIFA WC 1954,Switzerland,Zürich,1954
1954-06-19,Brazil,1,1,Yugoslavia,FIFA WC 1954,Switzerland,Lausanne,1954
1954-06-19,France,3,2,Mexico,FIFA WC 1954,Switzerland,Geneva,1954
1954-06-19,Scotland,0,7,Uruguay,FIFA WC 1954,Switzerland,Basel,1954
1954-06-20,Belgium,1,4,Italy,FIFA WC 1954,Switzerland,Lugano,1954
1954-06-20,Germany,3,8,Hungary,FIFA WC 1954,Switzerland,Basel,1954
1954-06-20,South Korea,0,7,Turkey,FIFA WC 1954,Switzerland,Geneva,1954
1954-06-20,Switzerland,0,2,England,FIFA WC 1954,Switzerland,Berne,1954
1954-06-23,Germany,7,2,Turkey,FIFA WC 1954,Switzerland,Zürich,1954
1954-06-23,Switzerland,4,1,Italy,FIFA WC 1954,Switzerland,Basel,1954
1954-06-26,England,2,4,Uruguay,FIFA WC 1954,Switzerland,Basel,1954
1954-06-26,Switzerland,5,7,Austria,FIFA WC 1954,Switzerland,Lausanne,1954
1954-06-27,Brazil,2,4,Hungary,FIFA WC 1954,Switzerland,Berne,1954
1954-06-27,Germany,2,0,Yugoslavia,FIFA WC 1954,Switzerland,Geneva,1954
1954-06-30,Austria,1,6,Germany,FIFA WC 1954,Switzerland,Basel,1954
1954-06-30,Hungary,4,2,Uruguay,FIFA WC 1954,Switzerland,Lausanne,1954
1954-07-03,Austria,3,1,Uruguay,FIFA WC 1954,Switzerland,Zürich,1954
1954-07-04,Germany,3,2,Hungary,FIFA WC 1954,Switzerland,Berne,1954
1958-06-08,Argentina,1,3,Germany,FIFA WC 1958,Sweden,Malmö,1958
1958-06-08,Austria,0,3,Brazil,FIFA WC 1958,Sweden,Uddevalla,1958
1958-06-08,Czechoslovakia,0,1,Northern Ireland,FIFA WC 1958,Sweden,Halmstad,1958
1958-06-08,England,2,2,Russia,FIFA WC 1958,Sweden,Gothenburg,1958
1958-06-08,France,7,3,Paraguay,FIFA WC 1958,Sweden,Norrköping,1958
1958-06-08,Hungary,1,1,Wales,FIFA WC 1958,Sweden,Sandviken,1958
1958-06-08,Scotland,1,1,Yugoslavia,FIFA WC 1958,Sweden,Västerås,1958
1958-06-08,Sweden,3,0,Mexico,FIFA WC 1958,Sweden,Solna,1958
1958-06-11,Argentina,3,1,Northern Ireland,FIFA WC 1958,Sweden,Halmstad,1958
1958-06-11,Austria,0,2,Russia,FIFA WC 1958,Sweden,Borås,1958
1958-06-11,Brazil,0,0,England,FIFA WC 1958,Sweden,Gothenburg,1958
1958-06-11,Czechoslovakia,2,2,Germany,FIFA WC 1958,Sweden,Helsingborg,1958
1958-06-11,France,2,3,Yugoslavia,FIFA WC 1958,Sweden,Västerås,1958
1958-06-11,Mexico,1,1,Wales,FIFA WC 1958,Sweden,Solna,1958
1958-06-11,Paraguay,3,2,Scotland,FIFA WC 1958,Sweden,Norrköping,1958
1958-06-12,Sweden,2,1,Hungary,FIFA WC 1958,Sweden,Solna,1958
1958-06-15,Argentina,1,6,Czechoslovakia,FIFA WC 1958,Sweden,Helsingborg,1958
1958-06-15,Austria,2,2,England,FIFA WC 1958,Sweden,Borås,1958
1958-06-15,Brazil,2,0,Russia,FIFA WC 1958,Sweden,Gothenburg,1958
1958-06-15,France,2,1,Scotland,FIFA WC 1958,Sweden,Örebro,1958
1958-06-15,Germany,2,2,Northern Ireland,FIFA WC 1958,Sweden,Malmö,1958
1958-06-15,Hungary,4,0,Mexico,FIFA WC 1958,Sweden,Sandviken,1958
1958-06-15,Paraguay,3,3,Yugoslavia,FIFA WC 1958,Sweden,Eskilstuna,1958
1958-06-15,Sweden,0,0,Wales,FIFA WC 1958,Sweden,Solna,1958
1958-06-17,Czechoslovakia,1,2,Northern Ireland,FIFA WC 1958,Sweden,Malmö,1958
1958-06-17,England,0,1,Russia,FIFA WC 1958,Sweden,Gothenburg,1958
1958-06-17,Hungary,1,2,Wales,FIFA WC 1958,Sweden,Solna,1958
1958-06-19,Brazil,1,0,Wales,FIFA WC 1958,Sweden,Gothenburg,1958
1958-06-19,France,4,0,Northern Ireland,FIFA WC 1958,Sweden,Norrköping,1958
1958-06-19,Germany,1,0,Yugoslavia,FIFA WC 1958,Sweden,Malmö,1958
1958-06-19,Sweden,2,0,Russia,FIFA WC 1958,Sweden,Solna,1958
1958-06-24,Brazil,5,2,France,FIFA WC 1958,Sweden,Solna,1958
1958-06-24,Sweden,3,1,Germany,FIFA WC 1958,Sweden,Gothenburg,1958
1958-06-28,France,6,3,Germany,FIFA WC 1958,Sweden,Gothenburg,1958
1958-06-29,Sweden,2,5,Brazil,FIFA WC 1958,Sweden,Solna,1958
1962-05-30,Argentina,1,0,Bulgaria,FIFA WC 1962,Chile,Rancagua,1962
1962-05-30,Brazil,2,0,Mexico,FIFA WC 1962,Chile,Viña del Mar,1962
1962-05-30,Chile,3,1,Switzerland,FIFA WC 1962,Chile,Santiago,1962
1962-05-30,Colombia,1,2,Uruguay,FIFA WC 1962,Chile,Arica,1962
1962-05-31,Czechoslovakia,1,0,Spain,FIFA WC 1962,Chile,Viña del Mar,1962
1962-05-31,England,1,2,Hungary,FIFA WC 1962,Chile,Rancagua,1962
1962-05-31,Germany,0,0,Italy,FIFA WC 1962,Chile,Santiago,1962
1962-05-31,Russia,2,0,Yugoslavia,FIFA WC 1962,Chile,Arica,1962
1962-06-02,Argentina,1,3,England,FIFA WC 1962,Chile,Rancagua,1962
1962-06-02,Brazil,0,0,Czechoslovakia,FIFA WC 1962,Chile,Viña del Mar,1962
1962-06-02,Chile,2,0,Italy,FIFA WC 1962,Chile,Santiago,1962
1962-06-02,Uruguay,1,3,Yugoslavia,FIFA WC 1962,Chile,Arica,1962
1962-06-03,Bulgaria,1,6,Hungary,FIFA WC 1962,Chile,Rancagua,1962
1962-06-03,Colombia,4,4,Russia,FIFA WC 1962,Chile,Arica,1962
1962-06-03,Germany,2,1,Switzerland,FIFA WC 1962,Chile,Santiago,1962
1962-06-03,Mexico,0,1,Spain,FIFA WC 1962,Chile,Viña del Mar,1962
1962-06-06,Argentina,0,0,Hungary,FIFA WC 1962,Chile,Rancagua,1962
1962-06-06,Brazil,2,1,Spain,FIFA WC 1962,Chile,Viña del Mar,1962
1962-06-06,Chile,0,2,Germany,FIFA WC 1962,Chile,Santiago,1962
1962-06-06,Russia,2,1,Uruguay,FIFA WC 1962,Chile,Arica,1962
1962-06-07,Bulgaria,0,0,England,FIFA WC 1962,Chile,Rancagua,1962
1962-06-07,Colombia,0,5,Yugoslavia,FIFA WC 1962,Chile,Arica,1962
1962-06-07,Czechoslovakia,1,3,Mexico,FIFA WC 1962,Chile,Viña del Mar,1962
1962-06-07,Italy,3,0,Switzerland,FIFA WC 1962,Chile,Santiago,1962
1962-06-10,Brazil,3,1,England,FIFA WC 1962,Chile,Viña del Mar,1962
1962-06-10,Chile,2,1,Russia,FIFA WC 1962,Chile,Arica,1962
1962-06-10,Czechoslovakia,1,0,Hungary,FIFA WC 1962,Chile,Rancagua,1962
1962-06-10,Germany,0,1,Yugoslavia,FIFA WC 1962,Chile,Santiago,1962
1962-06-13,Chile,2,4,Brazil,FIFA WC 1962,Chile,Santiago,1962
1962-06-13,Czechoslovakia,3,1,Yugoslavia,FIFA WC 1962,Chile,Viña del Mar,1962
1962-06-16,Chile,1,0,Yugoslavia,FIFA WC 1962,Chile,Santiago,1962
1962-06-17,Brazil,3,1,Czechoslovakia,FIFA WC 1962,Chile,Santiago,1962
1966-07-11,England,0,0,Uruguay,FIFA WC 1966,England,London,1966
1966-07-12,Brazil,2,0,Bulgaria,FIFA WC 1966,England,Liverpool,1966
1966-07-12,Germany,5,0,Switzerland,FIFA WC 1966,England,Sheffield,1966
1966-07-12,North Korea,0,3,Russia,FIFA WC 1966,England,Middlesbrough,1966
1966-07-13,Argentina,2,1,Spain,FIFA WC 1966,England,Birmingham,1966
1966-07-13,Chile,0,2,Italy,FIFA WC 1966,England,Sunderland,1966
1966-07-13,France,1,1,Mexico,FIFA WC 1966,England,London,1966
1966-07-13,Hungary,1,3,Portugal,FIFA WC 1966,England,Manchester,1966
1966-07-15,Brazil,1,3,Hungary,FIFA WC 1966,England,Liverpool,1966
1966-07-15,Chile,1,1,North Korea,FIFA WC 1966,England,Middlesbrough,1966
1966-07-15,France,1,2,Uruguay,FIFA WC 1966,England,London,1966
1966-07-15,Spain,2,1,Switzerland,FIFA WC 1966,England,Sheffield,1966
1966-07-16,Argentina,0,0,Germany,FIFA WC 1966,England,Birmingham,1966
1966-07-16,Bulgaria,0,3,Portugal,FIFA WC 1966,England,Manchester,1966
1966-07-16,England,2,0,Mexico,FIFA WC 1966,England,London,1966
1966-07-16,Italy,0,1,Russia,FIFA WC 1966,England,Sunderland,1966
1966-07-19,Argentina,2,0,Switzerland,FIFA WC 1966,England,Sheffield,1966
1966-07-19,Brazil,1,3,Portugal,FIFA WC 1966,England,Liverpool,1966
1966-07-19,Italy,0,1,North Korea,FIFA WC 1966,England,Middlesbrough,1966
1966-07-19,Mexico,0,0,Uruguay,FIFA WC 1966,England,London,1966
1966-07-20,Bulgaria,1,3,Hungary,FIFA WC 1966,England,Manchester,1966
1966-07-20,Chile,1,2,Russia,FIFA WC 1966,England,Sunderland,1966
1966-07-20,England,2,0,France,FIFA WC 1966,England,London,1966
1966-07-20,Germany,2,1,Spain,FIFA WC 1966,England,Birmingham,1966
1966-07-23,England,1,0,Argentina,FIFA WC 1966,England,London,1966
1966-07-23,Germany,4,0,Uruguay,FIFA WC 1966,England,Sheffield,1966
1966-07-23,Hungary,1,2,Russia,FIFA WC 1966,England,Sunderland,1966
1966-07-23,North Korea,3,5,Portugal,FIFA WC 1966,England,Liverpool,1966
1966-07-25,Germany,2,1,Russia,FIFA WC 1966,England,Liverpool,1966
1966-07-26,England,2,1,Portugal,FIFA WC 1966,England,London,1966
1966-07-28,Portugal,2,1,Russia,FIFA WC 1966,England,London,1966
1966-07-30,England,4,2,Germany,FIFA WC 1966,England,London,1966
1970-05-31,Mexico,0,0,Russia,FIFA WC 1970,Mexico,Mexico City,1970
1970-06-02,Bulgaria,2,3,Peru,FIFA WC 1970,Mexico,León,1970
1970-06-02,England,1,0,Romania,FIFA WC 1970,Mexico,Guadalajara,1970
1970-06-02,Israel,0,2,Uruguay,FIFA WC 1970,Mexico,Puebla,1970
1970-06-03,Belgium,3,0,El Salvador,FIFA WC 1970,Mexico,Mexico City,1970
1970-06-03,Brazil,4,1,Czechoslovakia,FIFA WC 1970,Mexico,Guadalajara,1970
1970-06-03,Germany,2,1,Morocco,FIFA WC 1970,Mexico,León,1970
1970-06-03,Italy,1,0,Sweden,FIFA WC 1970,Mexico,Toluca,1970
1970-06-06,Belgium,1,4,Russia,FIFA WC 1970,Mexico,Mexico City,1970
1970-06-06,Czechoslovakia,1,2,Romania,FIFA WC 1970,Mexico,Guadalajara,1970
1970-06-06,Italy,0,0,Uruguay,FIFA WC 1970,Mexico,Puebla,1970
1970-06-06,Morocco,0,3,Peru,FIFA WC 1970,Mexico,León,1970
1970-06-07,Brazil,1,0,England,FIFA WC 1970,Mexico,Guadalajara,1970
1970-06-07,Bulgaria,2,5,Germany,FIFA WC 1970,Mexico,León,1970
1970-06-07,Israel,1,1,Sweden,FIFA WC 1970,Mexico,Toluca,1970
1970-06-07,Mexico,4,0,El Salvador,FIFA WC 1970,Mexico,Mexico City,1970
1970-06-10,Brazil,3,2,Romania,FIFA WC 1970,Mexico,Guadalajara,1970
1970-06-10,El Salvador,0,2,Russia,FIFA WC 1970,Mexico,Mexico City,1970
1970-06-10,Germany,3,1,Peru,FIFA WC 1970,Mexico,León,1970
1970-06-10,Sweden,1,0,Uruguay,FIFA WC 1970,Mexico,Puebla,1970
1970-06-11,Bulgaria,1,1,Morocco,FIFA WC 1970,Mexico,León,1970
1970-06-11,Czechoslovakia,0,1,England,FIFA WC 1970,Mexico,Guadalajara,1970
1970-06-11,Israel,0,0,Italy,FIFA WC 1970,Mexico,Toluca,1970
1970-06-11,Mexico,1,0,Belgium,FIFA WC 1970,Mexico,Mexico City,1970
1970-06-14,Brazil,4,2,Peru,FIFA WC 1970,Mexico,Guadalajara,1970
1970-06-14,England,2,3,Germany,FIFA WC 1970,Mexico,León,1970
1970-06-14,Mexico,1,4,Italy,FIFA WC 1970,Mexico,Toluca,1970
1970-06-14,Russia,0,1,Uruguay,FIFA WC 1970,Mexico,Mexico City,1970
1970-06-17,Brazil,3,1,Uruguay,FIFA WC 1970,Mexico,Guadalajara,1970
1970-06-17,Germany,3,4,Italy,FIFA WC 1970,Mexico,Mexico City,1970
1970-06-20,Germany,1,0,Uruguay,FIFA WC 1970,Mexico,Mexico City,1970
1970-06-21,Brazil,4,1,Italy,FIFA WC 1970,Mexico,Mexico City,1970
1974-06-13,Brazil,0,0,Yugoslavia,FIFA WC 1974,Germany,Frankfurt am Main,1974
1974-06-14,DR Congo,0,2,Scotland,FIFA WC 1974,Germany,Dortmund,1974
1974-06-14,German DR,2,0,Australia,FIFA WC 1974,Germany,Hamburg,1974
1974-06-14,Germany,1,0,Chile,FIFA WC 1974,Germany,Berlin,1974
1974-06-15,Italy,3,1,Haiti,FIFA WC 1974,Germany,Munich,1974
1974-06-15,Poland,3,2,Argentina,FIFA WC 1974,Germany,Stuttgart,1974
1974-06-15,Sweden,0,0,Bulgaria,FIFA WC 1974,Germany,Düsseldorf,1974
1974-06-15,Uruguay,0,2,Netherlands,FIFA WC 1974,Germany,Hanover,1974
1974-06-18,Chile,1,1,German DR,FIFA WC 1974,Germany,Berlin,1974
1974-06-18,Germany,3,0,Australia,FIFA WC 1974,Germany,Hamburg,1974
1974-06-18,Scotland,0,0,Brazil,FIFA WC 1974,Germany,Frankfurt am Main,1974
1974-06-18,Yugoslavia,9,0,DR Congo,FIFA WC 1974,Germany,Gelsenkirchen,1974
1974-06-19,Argentina,1,1,Italy,FIFA WC 1974,Germany,Stuttgart,1974
1974-06-19,Bulgaria,1,1,Uruguay,FIFA WC 1974,Germany,Hanover,1974
1974-06-19,Haiti,0,7,Poland,FIFA WC 1974,Germany,Munich,1974
1974-06-19,Netherlands,0,0,Sweden,FIFA WC 1974,Germany,Dortmund,1974
1974-06-22,Australia,0,0,Chile,FIFA WC 1974,Germany,Berlin,1974
1974-06-22,DR Congo,0,3,Brazil,FIFA WC 1974,Germany,Gelsenkirchen,1974
1974-06-22,Germany,0,1,German DR,FIFA WC 1974,Germany,Hamburg,1974
1974-06-22,Scotland,1,1,Yugoslavia,FIFA WC 1974,Germany,Frankfurt am Main,1974
1974-06-23,Argentina,4,1,Haiti,FIFA WC 1974,Germany,Munich,1974
1974-06-23,Bulgaria,1,4,Netherlands,FIFA WC 1974,Germany,Dortmund,1974
1974-06-23,Poland,2,1,Italy,FIFA WC 1974,Germany,Stuttgart,1974
1974-06-23,Sweden,3,0,Uruguay,FIFA WC 1974,Germany,Düsseldorf,1974
1974-06-26,Brazil,1,0,German DR,FIFA WC 1974,Germany,Hanover,1974
1974-06-26,Germany,2,0,Yugoslavia,FIFA WC 1974,Germany,Düsseldorf,1974
1974-06-26,Netherlands,4,0,Argentina,FIFA WC 1974,Germany,Gelsenkirchen,1974
1974-06-26,Sweden,0,1,Poland,FIFA WC 1974,Germany,Stuttgart,1974
1974-06-30,Argentina,1,2,Brazil,FIFA WC 1974,Germany,Hanover,1974
1974-06-30,German DR,0,2,Netherlands,FIFA WC 1974,Germany,Gelsenkirchen,1974
1974-06-30,Germany,4,2,Sweden,FIFA WC 1974,Germany,Düsseldorf,1974
1974-06-30,Poland,2,1,Yugoslavia,FIFA WC 1974,Germany,Frankfurt am Main,1974
1974-07-03,Argentina,1,1,German DR,FIFA WC 1974,Germany,Gelsenkirchen,1974
1974-07-03,Germany,1,0,Poland,FIFA WC 1974,Germany,Frankfurt am Main,1974
1974-07-03,Netherlands,2,0,Brazil,FIFA WC 1974,Germany,Dortmund,1974
1974-07-03,Sweden,2,1,Yugoslavia,FIFA WC 1974,Germany,Düsseldorf,1974
1974-07-06,Brazil,0,1,Poland,FIFA WC 1974,Germany,Munich,1974
1974-07-07,Germany,2,1,Netherlands,FIFA WC 1974,Germany,Munich,1974
1978-06-01,Germany,0,0,Poland,FIFA WC 1978,Argentina,Buenos Aires,1978
1978-06-02,Argentina,2,1,Hungary,FIFA WC 1978,Argentina,Buenos Aires,1978
1978-06-02,France,1,2,Italy,FIFA WC 1978,Argentina,Mar del Plata,1978
1978-06-02,Mexico,1,3,Tunisia,FIFA WC 1978,Argentina,Rosario,1978
1978-06-03,Austria,2,1,Spain,FIFA WC 1978,Argentina,Buenos Aires,1978
1978-06-03,Brazil,1,1,Sweden,FIFA WC 1978,Argentina,Mar del Plata,1978
1978-06-03,Iran,0,3,Netherlands,FIFA WC 1978,Argentina,Mendoza,1978
1978-06-03,Peru,3,1,Scotland,FIFA WC 1978,Argentina,Córdoba,1978
1978-06-06,Argentina,2,1,France,FIFA WC 1978,Argentina,Buenos Aires,1978
1978-06-06,Germany,6,0,Mexico,FIFA WC 1978,Argentina,Córdoba,1978
1978-06-06,Hungary,1,3,Italy,FIFA WC 1978,Argentina,Mar del Plata,1978
1978-06-06,Poland,1,0,Tunisia,FIFA WC 1978,Argentina,Rosario,1978
1978-06-07,Austria,1,0,Sweden,FIFA WC 1978,Argentina,Buenos Aires,1978
1978-06-07,Brazil,0,0,Spain,FIFA WC 1978,Argentina,Mar del Plata,1978
1978-06-07,Iran,1,1,Scotland,FIFA WC 1978,Argentina,Córdoba,1978
1978-06-07,Netherlands,0,0,Peru,FIFA WC 1978,Argentina,Mendoza,1978
1978-06-10,Argentina,0,1,Italy,FIFA WC 1978,Argentina,Buenos Aires,1978
1978-06-10,France,3,1,Hungary,FIFA WC 1978,Argentina,Mar del Plata,1978
1978-06-10,Germany,0,0,Tunisia,FIFA WC 1978,Argentina,Córdoba,1978
1978-06-10,Mexico,1,3,Poland,FIFA WC 1978,Argentina,Rosario,1978
1978-06-11,Austria,0,1,Brazil,FIFA WC 1978,Argentina,Mar del Plata,1978
1978-06-11,Iran,1,4,Peru,FIFA WC 1978,Argentina,Córdoba,1978
1978-06-11,Netherlands,2,3,Scotland,FIFA WC 1978,Argentina,Mendoza,1978
1978-06-11,Spain,1,0,Sweden,FIFA WC 1978,Argentina,Buenos Aires,1978
1978-06-14,Argentina,2,0,Poland,FIFA WC 1978,Argentina,Rosario,1978
1978-06-14,Austria,1,5,Netherlands,FIFA WC 1978,Argentina,Córdoba,1978
1978-06-14,Brazil,3,0,Peru,FIFA WC 1978,Argentina,Mendoza,1978
1978-06-14,Germany,0,0,Italy,FIFA WC 1978,Argentina,Buenos Aires,1978
1978-06-18,Argentina,0,0,Brazil,FIFA WC 1978,Argentina,Rosario,1978
1978-06-18,Austria,0,1,Italy,FIFA WC 1978,Argentina,Buenos Aires,1978
1978-06-18,Germany,2,2,Netherlands,FIFA WC 1978,Argentina,Córdoba,1978
1978-06-18,Peru,0,1,Poland,FIFA WC 1978,Argentina,Mendoza,1978
1978-06-21,Argentina,6,0,Peru,FIFA WC 1978,Argentina,Rosario,1978
1978-06-21,Austria,3,2,Germany,FIFA WC 1978,Argentina,Córdoba,1978
1978-06-21,Brazil,3,1,Poland,FIFA WC 1978,Argentina,Mendoza,1978
1978-06-21,Italy,1,2,Netherlands,FIFA WC 1978,Argentina,Buenos Aires,1978
1978-06-24,Brazil,2,1,Italy,FIFA WC 1978,Argentina,Buenos Aires,1978
1978-06-25,Argentina,3,1,Netherlands,FIFA WC 1978,Argentina,Buenos Aires,1978
1982-06-13,Argentina,0,1,Belgium,FIFA WC 1982,Spain,Barcelona,1982
1982-06-14,Brazil,2,1,Russia,FIFA WC 1982,Spain,Seville,1982
1982-06-14,Italy,0,0,Poland,FIFA WC 1982,Spain,Vigo,1982
1982-06-15,Hungary,10,1,El Salvador,FIFA WC 1982,Spain,Elche,1982
1982-06-15,Peru,0,0,Cameroon,FIFA WC 1982,Spain,La Coruña,1982
1982-06-15,Scotland,5,2,New Zealand,FIFA WC 1982,Spain,Málaga,1982
1982-06-16,England,3,1,France,FIFA WC 1982,Spain,Bilbao,1982
1982-06-16,Germany,1,2,Algeria,FIFA WC 1982,Spain,Gijón,1982
1982-06-16,Spain,1,1,Honduras,FIFA WC 1982,Spain,Valencia,1982
1982-06-17,Chile,0,1,Austria,FIFA WC 1982,Spain,Oviedo,1982
1982-06-17,Czechoslovakia,1,1,Kuwait,FIFA WC 1982,Spain,Valladolid,1982
1982-06-17,Yugoslavia,0,0,Northern Ireland,FIFA WC 1982,Spain,Zaragoza,1982
1982-06-18,Argentina,4,1,Hungary,FIFA WC 1982,Spain,Alicante,1982
1982-06-18,Brazil,4,1,Scotland,FIFA WC 1982,Spain,Seville,1982
1982-06-18,Italy,1,1,Peru,FIFA WC 1982,Spain,Vigo,1982
1982-06-19,Belgium,1,0,El Salvador,FIFA WC 1982,Spain,Elche,1982
1982-06-19,Poland,0,0,Cameroon,FIFA WC 1982,Spain,La Coruña,1982
1982-06-19,Russia,3,0,New Zealand,FIFA WC 1982,Spain,Málaga,1982
1982-06-20,England,2,0,Czechoslovakia,FIFA WC 1982,Spain,Bilbao,1982
1982-06-20,Germany,4,1,Chile,FIFA WC 1982,Spain,Gijón,1982
1982-06-20,Spain,2,1,Yugoslavia,FIFA WC 1982,Spain,Valencia,1982
1982-06-21,Algeria,0,2,Austria,FIFA WC 1982,Spain,Oviedo,1982
1982-06-21,France,4,1,Kuwait,FIFA WC 1982,Spain,Valladolid,1982
1982-06-21,Honduras,1,1,Northern Ireland,FIFA WC 1982,Spain,Zaragoza,1982
1982-06-22,Belgium,1,1,Hungary,FIFA WC 1982,Spain,Elche,1982
1982-06-22,Poland,5,1,Peru,FIFA WC 1982,Spain,La Coruña,1982
1982-06-22,Russia,2,2,Scotland,FIFA WC 1982,Spain,Málaga,1982
1982-06-23,Argentina,2,0,El Salvador,FIFA WC 1982,Spain,Alicante,1982
1982-06-23,Brazil,4,0,New Zealand,FIFA WC 1982,Spain,Seville,1982
1982-06-23,Italy,1,1,Cameroon,FIFA WC 1982,Spain,Vigo,1982
1982-06-24,Algeria,3,2,Chile,FIFA WC 1982,Spain,Oviedo,1982
1982-06-24,France,1,1,Czechoslovakia,FIFA WC 1982,Spain,Valladolid,1982
1982-06-24,Honduras,0,1,Yugoslavia,FIFA WC 1982,Spain,Zaragoza,1982
1982-06-25,England,1,0,Kuwait,FIFA WC 1982,Spain,Bilbao,1982
1982-06-25,Germany,1,0,Austria,FIFA WC 1982,Spain,Gijón,1982
1982-06-25,Spain,0,1,Northern Ireland,FIFA WC 1982,Spain,Valencia,1982
1982-06-28,Austria,0,1,France,FIFA WC 1982,Spain,Madrid,1982
1982-06-28,Poland,3,0,Belgium,FIFA WC 1982,Spain,Barcelona,1982
1982-06-29,Germany,0,0,England,FIFA WC 1982,Spain,Madrid,1982
1982-06-29,Italy,2,1,Argentina,FIFA WC 1982,Spain,Barcelona,1982
1982-07-01,Austria,2,2,Northern Ireland,FIFA WC 1982,Spain,Madrid,1982
1982-07-01,Belgium,0,1,Russia,FIFA WC 1982,Spain,Barcelona,1982
1982-07-02,Argentina,1,3,Brazil,FIFA WC 1982,Spain,Barcelona,1982
1982-07-02,Spain,1,2,Germany,FIFA WC 1982,Spain,Madrid,1982
1982-07-04,France,4,1,Northern Ireland,FIFA WC 1982,Spain,Madrid,1982
1982-07-04,Poland,0,0,Russia,FIFA WC 1982,Spain,Barcelona,1982
1982-07-05,Italy,3,2,Brazil,FIFA WC 1982,Spain,Barcelona,1982
1982-07-05,Spain,0,0,England,FIFA WC 1982,Spain,Madrid,1982
1982-07-08,Germany,3,3,France,FIFA WC 1982,Spain,Seville,1982
1982-07-08,Poland,0,2,Italy,FIFA WC 1982,Spain,Barcelona,1982
1982-07-10,Poland,3,2,France,FIFA WC 1982,Spain,Alicante,1982
1982-07-11,Italy,3,1,Germany,FIFA WC 1982,Spain,Madrid,1982
1986-05-31,Bulgaria,1,1,Italy,FIFA WC 1986,Mexico,Mexico City,1986
1986-06-01,Canada,0,1,France,FIFA WC 1986,Mexico,León,1986
1986-06-01,Spain,0,1,Brazil,FIFA WC 1986,Mexico,Guadalajara,1986
1986-06-02,Argentina,3,1,South Korea,FIFA WC 1986,Mexico,Mexico City,1986
1986-06-02,Morocco,0,0,Poland,FIFA WC 1986,Mexico,Monterrey,1986
1986-06-02,Russia,6,0,Hungary,FIFA WC 1986,Mexico,Irapuato,1986
1986-06-03,Algeria,1,1,Northern Ireland,FIFA WC 1986,Mexico,Guadalajara,1986
1986-06-03,Mexico,2,1,Belgium,FIFA WC 1986,Mexico,Mexico City,1986
1986-06-03,Portugal,1,0,England,FIFA WC 1986,Mexico,Monterrey,1986
1986-06-04,Paraguay,1,0,Iraq,FIFA WC 1986,Mexico,Toluca,1986
1986-06-04,Scotland,0,1,Denmark,FIFA WC 1986,Mexico,Nezahualcóyotl,1986
1986-06-04,Uruguay,1,1,Germany,FIFA WC 1986,Mexico,Querétaro,1986
1986-06-05,France,1,1,Russia,FIFA WC 1986,Mexico,León,1986
1986-06-05,Italy,1,1,Argentina,FIFA WC 1986,Mexico,Puebla,1986
1986-06-05,South Korea,1,1,Bulgaria,FIFA WC 1986,Mexico,Mexico City,1986
1986-06-06,Brazil,1,0,Algeria,FIFA WC 1986,Mexico,Guadalajara,1986
1986-06-06,England,0,0,Morocco,FIFA WC 1986,Mexico,Monterrey,1986
1986-06-06,Hungary,2,0,Canada,FIFA WC 1986,Mexico,Irapuato,1986
1986-06-07,Mexico,1,1,Paraguay,FIFA WC 1986,Mexico,Mexico City,1986
1986-06-07,Northern Ireland,1,2,Spain,FIFA WC 1986,Mexico,Guadalajara,1986
1986-06-07,Poland,1,0,Portugal,FIFA WC 1986,Mexico,Monterrey,1986
1986-06-08,Denmark,6,1,Uruguay,FIFA WC 1986,Mexico,Nezahualcóyotl,1986
1986-06-08,Germany,2,1,Scotland,FIFA WC 1986,Mexico,Querétaro,1986
1986-06-08,Iraq,1,2,Belgium,FIFA WC 1986,Mexico,Toluca,1986
1986-06-09,Hungary,0,3,France,FIFA WC 1986,Mexico,León,1986
1986-06-09,Russia,2,0,Canada,FIFA WC 1986,Mexico,Irapuato,1986
1986-06-10,Argentina,2,0,Bulgaria,FIFA WC 1986,Mexico,Mexico City,1986
1986-06-10,South Korea,2,3,Italy,FIFA WC 1986,Mexico,Puebla,1986
1986-06-11,England,3,0,Poland,FIFA WC 1986,Mexico,Monterrey,1986
1986-06-11,Mexico,1,0,Iraq,FIFA WC 1986,Mexico,Mexico City,1986
1986-06-11,Paraguay,2,2,Belgium,FIFA WC 1986,Mexico,Toluca,1986
1986-06-11,Portugal,1,3,Morocco,FIFA WC 1986,Mexico,Guadalajara,1986
1986-06-12,Algeria,0,3,Spain,FIFA WC 1986,Mexico,Monterrey,1986
1986-06-12,Northern Ireland,0,3,Brazil,FIFA WC 1986,Mexico,Guadalajara,1986
1986-06-13,Denmark,2,0,Germany,FIFA WC 1986,Mexico,Querétaro,1986
1986-06-13,Scotland,0,0,Uruguay,FIFA WC 1986,Mexico,Nezahualcóyotl,1986
1986-06-15,Mexico,2,0,Bulgaria,FIFA WC 1986,Mexico,Mexico City,1986
1986-06-15,Russia,3,4,Belgium,FIFA WC 1986,Mexico,León,1986
1986-06-16,Argentina,1,0,Uruguay,FIFA WC 1986,Mexico,Puebla,1986
1986-06-16,Brazil,4,0,Poland,FIFA WC 1986,Mexico,Guadalajara,1986
1986-06-17,Italy,0,2,France,FIFA WC 1986,Mexico,Mexico City,1986
1986-06-17,Morocco,0,1,Germany,FIFA WC 1986,Mexico,Monterrey,1986
1986-06-18,Denmark,1,5,Spain,FIFA WC 1986,Mexico,Querétaro,1986
1986-06-18,England,3,0,Paraguay,FIFA WC 1986,Mexico,Mexico City,1986
1986-06-21,Brazil,1,1,France,FIFA WC 1986,Mexico,Guadalajara,1986
1986-06-21,Mexico,0,0,Germany,FIFA WC 1986,Mexico,Monterrey,1986
1986-06-22,Argentina,2,1,England,FIFA WC 1986,Mexico,Mexico City,1986
1986-06-22,Spain,1,1,Belgium,FIFA WC 1986,Mexico,Puebla,1986
1986-06-25,Argentina,2,0,Belgium,FIFA WC 1986,Mexico,Mexico City,1986
1986-06-25,France,0,2,Germany,FIFA WC 1986,Mexico,Guadalajara,1986
1986-06-28,France,4,2,Belgium,FIFA WC 1986,Mexico,Puebla,1986
1986-06-29,Argentina,3,2,Germany,FIFA WC 1986,Mexico,Mexico City,1986
1990-06-08,Argentina,0,1,Cameroon,FIFA WC 1990,Italy,Milan,1990
1990-06-09,Italy,1,0,Austria,FIFA WC 1990,Italy,Rome,1990
1990-06-09,Russia,0,2,Romania,FIFA WC 1990,Italy,Bari,1990
1990-06-09,United Arab Emirates,0,2,Colombia,FIFA WC 1990,Italy,Bologna,1990
1990-06-10,Brazil,2,1,Sweden,FIFA WC 1990,Italy,Turin,1990
1990-06-10,Germany,4,1,Yugoslavia,FIFA WC 1990,Italy,Milan,1990
1990-06-10,United States,1,5,Czechoslovakia,FIFA WC 1990,Italy,Florence,1990
1990-06-11,Costa Rica,1,0,Scotland,FIFA WC 1990,Italy,Genoa,1990
1990-06-11,England,1,1,Republic of Ireland,FIFA WC 1990,Italy,Cagliari,1990
1990-06-12,Belgium,2,0,South Korea,FIFA WC 1990,Italy,Verona,1990
1990-06-12,Netherlands,1,1,Egypt,FIFA WC 1990,Italy,Palermo,1990
1990-06-13,Argentina,2,0,Russia,FIFA WC 1990,Italy,Naples,1990
1990-06-13,Uruguay,0,0,Spain,FIFA WC 1990,Italy,Udine,1990
1990-06-14,Cameroon,2,1,Romania,FIFA WC 1990,Italy,Bari,1990
1990-06-14,Italy,1,0,United States,FIFA WC 1990,Italy,Rome,1990
1990-06-14,Yugoslavia,1,0,Colombia,FIFA WC 1990,Italy,Bologna,1990
1990-06-15,Austria,0,1,Czechoslovakia,FIFA WC 1990,Italy,Florence,1990
1990-06-15,Germany,5,1,United Arab Emirates,FIFA WC 1990,Italy,Milan,1990
1990-06-16,Brazil,1,0,Costa Rica,FIFA WC 1990,Italy,Turin,1990
1990-06-16,England,0,0,Netherlands,FIFA WC 1990,Italy,Cagliari,1990
1990-06-16,Sweden,1,2,Scotland,FIFA WC 1990,Italy,Genoa,1990
1990-06-17,Belgium,3,1,Uruguay,FIFA WC 1990,Italy,Verona,1990
1990-06-17,Republic of Ireland,0,0,Egypt,FIFA WC 1990,Italy,Palermo,1990
1990-06-17,South Korea,1,3,Spain,FIFA WC 1990,Italy,Udine,1990
1990-06-18,Argentina,1,1,Romania,FIFA WC 1990,Italy,Naples,1990
1990-06-18,Cameroon,0,4,Russia,FIFA WC 1990,Italy,Bari,1990
1990-06-19,Austria,2,1,United States,FIFA WC 1990,Italy,Florence,1990
1990-06-19,Germany,1,1,Colombia,FIFA WC 1990,Italy,Milan,1990
1990-06-19,Italy,2,0,Czechoslovakia,FIFA WC 1990,Italy,Rome,1990
1990-06-19,Yugoslavia,4,1,United Arab Emirates,FIFA WC 1990,Italy,Bologna,1990
1990-06-20,Brazil,1,0,Scotland,FIFA WC 1990,Italy,Turin,1990
1990-06-20,Sweden,1,2,Costa Rica,FIFA WC 1990,Italy,Genoa,1990
1990-06-21,Belgium,1,2,Spain,FIFA WC 1990,Italy,Verona,1990
1990-06-21,England,1,0,Egypt,FIFA WC 1990,Italy,Cagliari,1990
1990-06-21,Republic of Ireland,1,1,Netherlands,FIFA WC 1990,Italy,Palermo,1990
1990-06-21,South Korea,0,1,Uruguay,FIFA WC 1990,Italy,Udine,1990
1990-06-23,Cameroon,2,1,Colombia,FIFA WC 1990,Italy,Naples,1990
1990-06-23,Czechoslovakia,4,1,Costa Rica,FIFA WC 1990,Italy,Bari,1990
1990-06-24,Brazil,0,1,Argentina,FIFA WC 1990,Italy,Turin,1990
1990-06-24,Germany,2,1,Netherlands,FIFA WC 1990,Italy,Milan,1990
1990-06-25,Republic of Ireland,0,0,Romania,FIFA WC 1990,Italy,Genoa,1990
1990-06-25,Italy,2,0,Uruguay,FIFA WC 1990,Italy,Rome,1990
1990-06-26,England,1,0,Belgium,FIFA WC 1990,Italy,Bologna,1990
1990-06-26,Spain,1,2,Yugoslavia,FIFA WC 1990,Italy,Verona,1990
1990-06-30,Italy,1,0,Republic of Ireland,FIFA WC 1990,Italy,Rome,1990
1990-06-30,Yugoslavia,0,0,Argentina,FIFA WC 1990,Italy,Florence,1990
1990-07-01,Cameroon,2,3,England,FIFA WC 1990,Italy,Naples,1990
1990-07-01,Germany,1,0,Czechoslovakia,FIFA WC 1990,Italy,Milan,1990
1990-07-03,Italy,1,1,Argentina,FIFA WC 1990,Italy,Naples,1990
1990-07-04,Germany,1,1,England,FIFA WC 1990,Italy,Turin,1990
1990-07-07,Italy,2,1,England,FIFA WC 1990,Italy,Bari,1990
1990-07-08,Germany,1,0,Argentina,FIFA WC 1990,Italy,Rome,1990
1994-06-17,Germany,1,0,Bolivia,FIFA WC 1994,United States,Chicago,1994
1994-06-17,Spain,2,2,South Korea,FIFA WC 1994,United States,Dallas,1994
1994-06-18,Colombia,1,3,Romania,FIFA WC 1994,United States,Pasadena,1994
1994-06-18,Italy,0,1,Republic of Ireland,FIFA WC 1994,United States,East Rutherford,1994
1994-06-18,United States,1,1,Switzerland,FIFA WC 1994,United States,Pontiac,1994
1994-06-19,Belgium,1,0,Morocco,FIFA WC 1994,United States,Orlando,1994
1994-06-19,Cameroon,2,2,Sweden,FIFA WC 1994,United States,Pasadena,1994
1994-06-19,Norway,1,0,Mexico,FIFA WC 1994,United States,Washington,1994
1994-06-20,Brazil,2,0,Russia,FIFA WC 1994,United States,Palo Alto,1994
1994-06-20,Netherlands,2,1,Saudi Arabia,FIFA WC 1994,United States,Washington,1994
1994-06-21,Argentina,4,0,Greece,FIFA WC 1994,United States,Foxborough,1994
1994-06-21,Germany,1,1,Spain,FIFA WC 1994,United States,Chicago,1994
1994-06-21,Nigeria,3,0,Bulgaria,FIFA WC 1994,United States,Dallas,1994
1994-06-22,Romania,1,4,Switzerland,FIFA WC 1994,United States,Pontiac,1994
1994-06-22,United States,2,1,Colombia,FIFA WC 1994,United States,Pasadena,1994
1994-06-23,Italy,1,0,Norway,FIFA WC 1994,United States,East Rutherford,1994
1994-06-23,South Korea,0,0,Bolivia,FIFA WC 1994,United States,Foxborough,1994
1994-06-24,Brazil,3,0,Cameroon,FIFA WC 1994,United States,Palo Alto,1994
1994-06-24,Mexico,2,1,Republic of Ireland,FIFA WC 1994,United States,Orlando,1994
1994-06-24,Sweden,3,1,Russia,FIFA WC 1994,United States,Pontiac,1994
1994-06-25,Argentina,2,1,Nigeria,FIFA WC 1994,United States,Foxborough,1994
1994-06-25,Belgium,1,0,Netherlands,FIFA WC 1994,United States,Orlando,1994
1994-06-25,Saudi Arabia,2,1,Morocco,FIFA WC 1994,United States,East Rutherford,1994
1994-06-26,Bulgaria,4,0,Greece,FIFA WC 1994,United States,Chicago,1994
1994-06-26,Switzerland,0,2,Colombia,FIFA WC 1994,United States,Palo Alto,1994
1994-06-26,United States,0,1,Romania,FIFA WC 1994,United States,Pasadena,1994
1994-06-27,Bolivia,1,3,Spain,FIFA WC 1994,United States,Chicago,1994
1994-06-27,Germany,3,2,South Korea,FIFA WC 1994,United States,Dallas,1994
1994-06-28,Brazil,1,1,Sweden,FIFA WC 1994,United States,Pontiac,1994
1994-06-28,Republic of Ireland,0,0,Norway,FIFA WC 1994,United States,East Rutherford,1994
1994-06-28,Italy,1,1,Mexico,FIFA WC 1994,United States,Washington,1994
1994-06-28,Russia,6,1,Cameroon,FIFA WC 1994,United States,Palo Alto,1994
1994-06-29,Belgium,0,1,Saudi Arabia,FIFA WC 1994,United States,Washington,1994
1994-06-29,Morocco,1,2,Netherlands,FIFA WC 1994,United States,Orlando,1994
1994-06-30,Argentina,0,2,Bulgaria,FIFA WC 1994,United States,Dallas,1994
1994-06-30,Greece,0,2,Nigeria,FIFA WC 1994,United States,Foxborough,1994
1994-07-02,Germany,3,2,Belgium,FIFA WC 1994,United States,Chicago,1994
1994-07-02,Spain,3,0,Switzerland,FIFA WC 1994,United States,Washington,1994
1994-07-03,Romania,3,2,Argentina,FIFA WC 1994,United States,Pasadena,1994
1994-07-03,Saudi Arabia,1,3,Sweden,FIFA WC 1994,United States,Dallas,1994
1994-07-04,Netherlands,2,0,Republic of Ireland,FIFA WC 1994,United States,Orlando,1994
1994-07-04,United States,0,1,Brazil,FIFA WC 1994,United States,Palo Alto,1994
1994-07-05,Mexico,1,1,Bulgaria,FIFA WC 1994,United States,East Rutherford,1994
1994-07-05,Nigeria,1,2,Italy,FIFA WC 1994,United States,Foxborough,1994
1994-07-09,Italy,2,1,Spain,FIFA WC 1994,United States,Foxborough,1994
1994-07-09,Netherlands,2,3,Brazil,FIFA WC 1994,United States,Dallas,1994
1994-07-10,Bulgaria,2,1,Germany,FIFA WC 1994,United States,East Rutherford,1994
1994-07-10,Romania,2,2,Sweden,FIFA WC 1994,United States,Palo Alto,1994
1994-07-13,Bulgaria,1,2,Italy,FIFA WC 1994,United States,East Rutherford,1994
1994-07-13,Sweden,0,1,Brazil,FIFA WC 1994,United States,Pasadena,1994
1994-07-16,Sweden,4,0,Bulgaria,FIFA WC 1994,United States,Pasadena,1994
1994-07-17,Brazil,0,0,Italy,FIFA WC 1994,United States,Pasadena,1994
1998-06-10,Brazil,2,1,Scotland,FIFA WC 1998,France,Saint-Denis,1998
1998-06-10,Morocco,2,2,Norway,FIFA WC 1998,France,Montpellier,1998
1998-06-11,Cameroon,1,1,Austria,FIFA WC 1998,France,Toulouse,1998
1998-06-11,Italy,2,2,Chile,FIFA WC 1998,France,Bordeaux,1998
1998-06-12,France,3,0,South Africa,FIFA WC 1998,France,Marseille,1998
1998-06-12,Paraguay,0,0,Bulgaria,FIFA WC 1998,France,Montpellier,1998
1998-06-12,Saudi Arabia,0,1,Denmark,FIFA WC 1998,France,Lens,1998
1998-06-13,South Korea,1,3,Mexico,FIFA WC 1998,France,Lyon,1998
1998-06-13,Netherlands,0,0,Belgium,FIFA WC 1998,France,Saint-Denis,1998
1998-06-13,Spain,2,3,Nigeria,FIFA WC 1998,France,Nantes,1998
1998-06-14,Argentina,1,0,Japan,FIFA WC 1998,France,Toulouse,1998
1998-06-14,Jamaica,1,3,Croatia,FIFA WC 1998,France,Lens,1998
1998-06-14,Serbia,1,0,Iran,FIFA WC 1998,France,Saint-Étienne,1998
1998-06-15,England,2,0,Tunisia,FIFA WC 1998,France,Marseille,1998
1998-06-15,Germany,2,0,United States,FIFA WC 1998,France,Paris,1998
1998-06-15,Romania,1,0,Colombia,FIFA WC 1998,France,Lyon,1998
1998-06-16,Brazil,3,0,Morocco,FIFA WC 1998,France,Nantes,1998
1998-06-16,Scotland,1,1,Norway,FIFA WC 1998,France,Bordeaux,1998
1998-06-17,Chile,1,1,Austria,FIFA WC 1998,France,Saint-Étienne,1998
1998-06-17,Italy,3,0,Cameroon,FIFA WC 1998,France,Montpellier,1998
1998-06-18,France,4,0,Saudi Arabia,FIFA WC 1998,France,Saint-Denis,1998
1998-06-18,South Africa,1,1,Denmark,FIFA WC 1998,France,Toulouse,1998
1998-06-19,Nigeria,1,0,Bulgaria,FIFA WC 1998,France,Paris,1998
1998-06-19,Spain,0,0,Paraguay,FIFA WC 1998,France,Saint-Étienne,1998
1998-06-20,Belgium,2,2,Mexico,FIFA WC 1998,France,Bordeaux,1998
1998-06-20,Japan,0,1,Croatia,FIFA WC 1998,France,Nantes,1998
1998-06-20,Netherlands,5,0,South Korea,FIFA WC 1998,France,Marseille,1998
1998-06-21,Argentina,5,0,Jamaica,FIFA WC 1998,France,Paris,1998
1998-06-21,Germany,2,2,Serbia,FIFA WC 1998,France,Lens,1998
1998-06-21,United States,1,2,Iran,FIFA WC 1998,France,Lyon,1998
1998-06-22,Colombia,1,0,Tunisia,FIFA WC 1998,France,Montpellier,1998
1998-06-22,Romania,2,1,England,FIFA WC 1998,France,Toulouse,1998
1998-06-23,Brazil,1,2,Norway,FIFA WC 1998,France,Marseille,1998
1998-06-23,Chile,1,1,Cameroon,FIFA WC 1998,France,Nantes,1998
1998-06-23,Italy,2,1,Austria,FIFA WC 1998,France,Saint-Denis,1998
1998-06-23,Scotland,0,3,Morocco,FIFA WC 1998,France,Saint-Étienne,1998
1998-06-24,France,2,1,Denmark,FIFA WC 1998,France,Lyon,1998
1998-06-24,Nigeria,1,3,Paraguay,FIFA WC 1998,France,Toulouse,1998
1998-06-24,South Africa,2,2,Saudi Arabia,FIFA WC 1998,France,Bordeaux,1998
1998-06-24,Spain,6,1,Bulgaria,FIFA WC 1998,France,Lens,1998
1998-06-25,Belgium,1,1,South Korea,FIFA WC 1998,France,Paris,1998
1998-06-25,Germany,2,0,Iran,FIFA WC 1998,France,Montpellier,1998
1998-06-25,Netherlands,2,2,Mexico,FIFA WC 1998,France,Saint-Étienne,1998
1998-06-25,United States,0,1,Serbia,FIFA WC 1998,France,Nantes,1998
1998-06-26,Argentina,1,0,Croatia,FIFA WC 1998,France,Bordeaux,1998
1998-06-26,Colombia,0,2,England,FIFA WC 1998,France,Lens,1998
1998-06-26,Japan,1,2,Jamaica,FIFA WC 1998,France,Lyon,1998
1998-06-26,Romania,1,1,Tunisia,FIFA WC 1998,France,Saint-Denis,1998
1998-06-27,Brazil,4,1,Chile,FIFA WC 1998,France,Paris,1998
1998-06-27,Italy,1,0,Norway,FIFA WC 1998,France,Marseille,1998
1998-06-28,France,1,0,Paraguay,FIFA WC 1998,France,Lens,1998
1998-06-28,Nigeria,1,4,Denmark,FIFA WC 1998,France,Saint-Denis,1998
1998-06-29,Germany,2,1,Mexico,FIFA WC 1998,France,Montpellier,1998
1998-06-29,Netherlands,2,1,Serbia,FIFA WC 1998,France,Toulouse,1998
1998-06-30,Argentina,2,2,England,FIFA WC 1998,France,Saint-Étienne,1998
1998-06-30,Romania,0,1,Croatia,FIFA WC 1998,France,Bordeaux,1998
1998-07-03,Brazil,3,2,Denmark,FIFA WC 1998,France,Nantes,1998
1998-07-03,France,0,0,Italy,FIFA WC 1998,France,Saint-Denis,1998
1998-07-04,Germany,0,3,Croatia,FIFA WC 1998,France,Lyon,1998
1998-07-04,Netherlands,2,1,Argentina,FIFA WC 1998,France,Marseille,1998
1998-07-07,Brazil,1,1,Netherlands,FIFA WC 1998,France,Marseille,1998
1998-07-08,France,2,1,Croatia,FIFA WC 1998,France,Saint-Denis,1998
1998-07-11,Netherlands,1,2,Croatia,FIFA WC 1998,France,Paris,1998
1998-07-12,France,3,0,Brazil,FIFA WC 1998,France,Saint-Denis,1998
2002-05-31,France,0,1,Senegal,FIFA WC 2002,South Korea,Seoul,2002
2002-06-01,Germany,8,0,Saudi Arabia,FIFA WC 2002,Japan,Sapporo,2002
2002-06-01,Republic of Ireland,1,1,Cameroon,FIFA WC 2002,Japan,Niigata,2002
2002-06-01,Uruguay,1,2,Denmark,FIFA WC 2002,South Korea,Ulsan,2002
2002-06-02,Argentina,1,0,Nigeria,FIFA WC 2002,Japan,Kashima,2002
2002-06-02,England,1,1,Sweden,FIFA WC 2002,Japan,Saitama,2002
2002-06-02,Paraguay,2,2,South Africa,FIFA WC 2002,South Korea,Busan,2002
2002-06-02,Spain,3,1,Slovenia,FIFA WC 2002,South Korea,Gwangju,2002
2002-06-03,Brazil,2,1,Turkey,FIFA WC 2002,South Korea,Ulsan,2002
2002-06-03,Croatia,0,1,Mexico,FIFA WC 2002,Japan,Niigata,2002
2002-06-03,Italy,2,0,Ecuador,FIFA WC 2002,Japan,Sapporo,2002
2002-06-04,China PR,0,2,Costa Rica,FIFA WC 2002,South Korea,Gwangju,2002
2002-06-04,Japan,2,2,Belgium,FIFA WC 2002,Japan,Saitama,2002
2002-06-04,South Korea,2,0,Poland,FIFA WC 2002,South Korea,Busan,2002
2002-06-05,Germany,1,1,Republic of Ireland,FIFA WC 2002,Japan,Kashima,2002
2002-06-05,Russia,2,0,Tunisia,FIFA WC 2002,Japan,Kobe,2002
2002-06-05,United States,3,2,Portugal,FIFA WC 2002,South Korea,Suwon,2002
2002-06-06,Cameroon,1,0,Saudi Arabia,FIFA WC 2002,Japan,Saitama,2002
2002-06-06,Denmark,1,1,Senegal,FIFA WC 2002,South Korea,Daegu,2002
2002-06-06,France,0,0,Uruguay,FIFA WC 2002,South Korea,Busan,2002
2002-06-07,Argentina,0,1,England,FIFA WC 2002,Japan,Sapporo,2002
2002-06-07,Spain,3,1,Paraguay,FIFA WC 2002,South Korea,Jeonju,2002
2002-06-07,Sweden,2,1,Nigeria,FIFA WC 2002,Japan,Kobe,2002
2002-06-08,Brazil,4,0,China PR,FIFA WC 2002,South Korea,Seogwipo,2002
2002-06-08,Italy,1,2,Croatia,FIFA WC 2002,Japan,Kashima,2002
2002-06-08,South Africa,1,0,Slovenia,FIFA WC 2002,South Korea,Daegu,2002
2002-06-09,Costa Rica,1,1,Turkey,FIFA WC 2002,South Korea,Incheon,2002
2002-06-09,Japan,1,0,Russia,FIFA WC 2002,Japan,Yokohama,2002
2002-06-09,Mexico,2,1,Ecuador,FIFA WC 2002,Japan,Rifu,2002
2002-06-10,South Korea,1,1,United States,FIFA WC 2002,South Korea,Daegu,2002
2002-06-10,Portugal,4,0,Poland,FIFA WC 2002,South Korea,Jeonju,2002
2002-06-10,Tunisia,1,1,Belgium,FIFA WC 2002,Japan,Ōita,2002
2002-06-11,Cameroon,0,2,Germany,FIFA WC 2002,Japan,Fukuroi,2002
2002-06-11,Denmark,2,0,France,FIFA WC 2002,South Korea,Incheon,2002
2002-06-11,Saudi Arabia,0,3,Republic of Ireland,FIFA WC 2002,Japan,Yokohama,2002
2002-06-11,Senegal,3,3,Uruguay,FIFA WC 2002,South Korea,Suwon,2002
2002-06-12,Nigeria,0,0,England,FIFA WC 2002,Japan,Osaka,2002
2002-06-12,Slovenia,1,3,Paraguay,FIFA WC 2002,South Korea,Seogwipo,2002
2002-06-12,South Africa,2,3,Spain,FIFA WC 2002,South Korea,Daejeon,2002
2002-06-12,Sweden,1,1,Argentina,FIFA WC 2002,Japan,Rifu,2002
2002-06-13,Costa Rica,2,5,Brazil,FIFA WC 2002,South Korea,Suwon,2002
2002-06-13,Ecuador,1,0,Croatia,FIFA WC 2002,Japan,Yokohama,2002
2002-06-13,Mexico,1,1,Italy,FIFA WC 2002,Japan,Ōita,2002
2002-06-13,Turkey,3,0,China PR,FIFA WC 2002,South Korea,Seoul,2002
2002-06-14,Belgium,3,2,Russia,FIFA WC 2002,Japan,Fukuroi,2002
2002-06-14,Japan,2,0,Tunisia,FIFA WC 2002,Japan,Osaka,2002
2002-06-14,South Korea,1,0,Portugal,FIFA WC 2002,South Korea,Incheon,2002
2002-06-14,Poland,3,1,United States,FIFA WC 2002,South Korea,Daejeon,2002
2002-06-15,Denmark,0,3,England,FIFA WC 2002,Japan,Niigata,2002
2002-06-15,Germany,1,0,Paraguay,FIFA WC 2002,South Korea,Seogwipo,2002
2002-06-16,Spain,1,1,Republic of Ireland,FIFA WC 2002,South Korea,Suwon,2002
2002-06-16,Sweden,1,2,Senegal,FIFA WC 2002,Japan,Ōita,2002
2002-06-17,Brazil,2,0,Belgium,FIFA WC 2002,Japan,Kobe,2002
2002-06-17,Mexico,0,2,United States,FIFA WC 2002,South Korea,Jeonju,2002
2002-06-18,Japan,0,1,Turkey,FIFA WC 2002,Japan,Rifu,2002
2002-06-18,South Korea,2,1,Italy,FIFA WC 2002,South Korea,Daejeon,2002
2002-06-21,England,1,2,Brazil,FIFA WC 2002,Japan,Fukuroi,2002
2002-06-21,Germany,1,0,United States,FIFA WC 2002,South Korea,Ulsan,2002
2002-06-22,South Korea,0,0,Spain,FIFA WC 2002,South Korea,Gwangju,2002
2002-06-22,Senegal,0,1,Turkey,FIFA WC 2002,Japan,Osaka,2002
2002-06-25,South Korea,0,1,Germany,FIFA WC 2002,South Korea,Seoul,2002
2002-06-26,Brazil,1,0,Turkey,FIFA WC 2002,Japan,Saitama,2002
2002-06-29,South Korea,2,3,Turkey,FIFA WC 2002,South Korea,Daegu,2002
2002-06-30,Germany,0,2,Brazil,FIFA WC 2002,Japan,Yokohama,2002
2006-06-09,Germany,4,2,Costa Rica,FIFA WC 2006,Germany,Munich,2006
2006-06-09,Poland,0,2,Ecuador,FIFA WC 2006,Germany,Gelsenkirchen,2006
2006-06-10,Argentina,2,1,Ivory Coast,FIFA WC 2006,Germany,Hamburg,2006
2006-06-10,England,1,0,Paraguay,FIFA WC 2006,Germany,Frankfurt am Main,2006
2006-06-10,Trinidad and Tobago,0,0,Sweden,FIFA WC 2006,Germany,Dortmund,2006
2006-06-11,Angola,0,1,Portugal,FIFA WC 2006,Germany,Cologne,2006
2006-06-11,Mexico,3,1,Iran,FIFA WC 2006,Germany,Nuremberg,2006
2006-06-11,Serbia,0,1,Netherlands,FIFA WC 2006,Germany,Leipzig,2006
2006-06-12,Australia,3,1,Japan,FIFA WC 2006,Germany,Kaiserslautern,2006
2006-06-12,Italy,2,0,Ghana,FIFA WC 2006,Germany,Hanover,2006
2006-06-12,United States,0,3,Czech Republic,FIFA WC 2006,Germany,Gelsenkirchen,2006
2006-06-13,Brazil,1,0,Croatia,FIFA WC 2006,Germany,Berlin,2006
2006-06-13,France,0,0,Switzerland,FIFA WC 2006,Germany,Stuttgart,2006
2006-06-13,South Korea,2,1,Togo,FIFA WC 2006,Germany,Frankfurt am Main,2006
2006-06-14,Germany,1,0,Poland,FIFA WC 2006,Germany,Dortmund,2006
2006-06-14,Spain,4,0,Ukraine,FIFA WC 2006,Germany,Leipzig,2006
2006-06-14,Tunisia,2,2,Saudi Arabia,FIFA WC 2006,Germany,Munich,2006
2006-06-15,Ecuador,3,0,Costa Rica,FIFA WC 2006,Germany,Hamburg,2006
2006-06-15,England,2,0,Trinidad and Tobago,FIFA WC 2006,Germany,Nuremberg,2006
2006-06-15,Sweden,1,0,Paraguay,FIFA WC 2006,Germany,Berlin,2006
2006-06-16,Argentina,6,0,Serbia,FIFA WC 2006,Germany,Gelsenkirchen,2006
2006-06-16,Mexico,0,0,Angola,FIFA WC 2006,Germany,Hanover,2006
2006-06-16,Netherlands,2,1,Ivory Coast,FIFA WC 2006,Germany,Stuttgart,2006
2006-06-17,Czech Republic,0,2,Ghana,FIFA WC 2006,Germany,Cologne,2006
2006-06-17,Italy,1,1,United States,FIFA WC 2006,Germany,Kaiserslautern,2006
2006-06-17,Portugal,2,0,Iran,FIFA WC 2006,Germany,Frankfurt am Main,2006
2006-06-18,Brazil,2,0,Australia,FIFA WC 2006,Germany,Munich,2006
2006-06-18,France,1,1,South Korea,FIFA WC 2006,Germany,Leipzig,2006
2006-06-18,Japan,0,0,Croatia,FIFA WC 2006,Germany,Nuremberg,2006
2006-06-19,Saudi Arabia,0,4,Ukraine,FIFA WC 2006,Germany,Hamburg,2006
2006-06-19,Spain,3,1,Tunisia,FIFA WC 2006,Germany,Stuttgart,2006
2006-06-19,Togo,0,2,Switzerland,FIFA WC 2006,Germany,Dortmund,2006
2006-06-20,Costa Rica,1,2,Poland,FIFA WC 2006,Germany,Hanover,2006
2006-06-20,Germany,3,0,Ecuador,FIFA WC 2006,Germany,Berlin,2006
2006-06-20,Paraguay,2,0,Trinidad and Tobago,FIFA WC 2006,Germany,Kaiserslautern,2006
2006-06-20,Sweden,2,2,England,FIFA WC 2006,Germany,Cologne,2006
2006-06-21,Iran,1,1,Angola,FIFA WC 2006,Germany,Leipzig,2006
2006-06-21,Ivory Coast,3,2,Serbia,FIFA WC 2006,Germany,Munich,2006
2006-06-21,Netherlands,0,0,Argentina,FIFA WC 2006,Germany,Frankfurt am Main,2006
2006-06-21,Portugal,2,1,Mexico,FIFA WC 2006,Germany,Gelsenkirchen,2006
2006-06-22,Croatia,2,2,Australia,FIFA WC 2006,Germany,Stuttgart,2006
2006-06-22,Czech Republic,0,2,Italy,FIFA WC 2006,Germany,Hamburg,2006
2006-06-22,Ghana,2,1,United States,FIFA WC 2006,Germany,Nuremberg,2006
2006-06-22,Japan,1,4,Brazil,FIFA WC 2006,Germany,Dortmund,2006
2006-06-23,Saudi Arabia,0,1,Spain,FIFA WC 2006,Germany,Kaiserslautern,2006
2006-06-23,Switzerland,2,0,South Korea,FIFA WC 2006,Germany,Hanover,2006
2006-06-23,Togo,0,2,France,FIFA WC 2006,Germany,Cologne,2006
2006-06-23,Ukraine,1,0,Tunisia,FIFA WC 2006,Germany,Berlin,2006
2006-06-24,Argentina,2,1,Mexico,FIFA WC 2006,Germany,Leipzig,2006
2006-06-24,Germany,2,0,Sweden,FIFA WC 2006,Germany,Munich,2006
2006-06-25,England,1,0,Ecuador,FIFA WC 2006,Germany,Stuttgart,2006
2006-06-25,Portugal,1,0,Netherlands,FIFA WC 2006,Germany,Nuremberg,2006
2006-06-26,Italy,1,0,Australia,FIFA WC 2006,Germany,Kaiserslautern,2006
2006-06-26,Switzerland,0,0,Ukraine,FIFA WC 2006,Germany,Cologne,2006
2006-06-27,Brazil,3,0,Ghana,FIFA WC 2006,Germany,Dortmund,2006
2006-06-27,Spain,1,3,France,FIFA WC 2006,Germany,Hanover,2006
2006-06-30,Germany,1,1,Argentina,FIFA WC 2006,Germany,Berlin,2006
2006-06-30,Italy,3,0,Ukraine,FIFA WC 2006,Germany,Hamburg,2006
2006-07-01,Brazil,0,1,France,FIFA WC 2006,Germany,Frankfurt am Main,2006
2006-07-01,England,0,0,Portugal,FIFA WC 2006,Germany,Gelsenkirchen,2006
2006-07-04,Germany,0,2,Italy,FIFA WC 2006,Germany,Dortmund,2006
2006-07-05,Portugal,0,1,France,FIFA WC 2006,Germany,Munich,2006
2006-07-08,Germany,3,1,Portugal,FIFA WC 2006,Germany,Stuttgart,2006
2006-07-09,Italy,1,1,France,FIFA WC 2006,Germany,Berlin,2006
2010-06-11,South Africa,1,1,Mexico,FIFA WC 2010,South Africa,Johannesburg,2010
2010-06-11,Uruguay,0,0,France,FIFA WC 2010,South Africa,Cape Town,2010
2010-06-12,Argentina,1,0,Nigeria,FIFA WC 2010,South Africa,Johannesburg,2010
2010-06-12,England,1,1,United States,FIFA WC 2010,South Africa,Rustenburg,2010
2010-06-12,South Korea,2,0,Greece,FIFA WC 2010,South Africa,Port Elizabeth,2010
2010-06-13,Algeria,0,1,Slovenia,FIFA WC 2010,South Africa,Polokwane,2010
2010-06-13,Germany,4,0,Australia,FIFA WC 2010,South Africa,Durban,2010
2010-06-13,Serbia,0,1,Ghana,FIFA WC 2010,South Africa,Pretoria,2010
2010-06-14,Italy,1,1,Paraguay,FIFA WC 2010,South Africa,Cape Town,2010
2010-06-14,Japan,1,0,Cameroon,FIFA WC 2010,South Africa,Bloemfontein,2010
2010-06-14,Netherlands,2,0,Denmark,FIFA WC 2010,South Africa,Johannesburg,2010
2010-06-15,Brazil,2,1,North Korea,FIFA WC 2010,South Africa,Johannesburg,2010
2010-06-15,Ivory Coast,0,0,Portugal,FIFA WC 2010,South Africa,Port Elizabeth,2010
2010-06-15,New Zealand,1,1,Slovakia,FIFA WC 2010,South Africa,Rustenburg,2010
2010-06-16,Honduras,0,1,Chile,FIFA WC 2010,South Africa,Nelspruit,2010
2010-06-16,South Africa,0,3,Uruguay,FIFA WC 2010,South Africa,Pretoria,2010
2010-06-16,Spain,0,1,Switzerland,FIFA WC 2010,South Africa,Durban,2010
2010-06-17,Argentina,4,1,South Korea,FIFA WC 2010,South Africa,Johannesburg,2010
2010-06-17,France,0,2,Mexico,FIFA WC 2010,South Africa,Polokwane,2010
2010-06-17,Greece,2,1,Nigeria,FIFA WC 2010,South Africa,Bloemfontein,2010
2010-06-18,England,0,0,Algeria,FIFA WC 2010,South Africa,Cape Town,2010
2010-06-18,Germany,0,1,Serbia,FIFA WC 2010,South Africa,Port Elizabeth,2010
2010-06-18,Slovenia,2,2,United States,FIFA WC 2010,South Africa,Johannesburg,2010
2010-06-19,Cameroon,1,2,Denmark,FIFA WC 2010,South Africa,Pretoria,2010
2010-06-19,Ghana,1,1,Australia,FIFA WC 2010,South Africa,Rustenburg,2010
2010-06-19,Netherlands,1,0,Japan,FIFA WC 2010,South Africa,Durban,2010
2010-06-20,Brazil,3,1,Ivory Coast,FIFA WC 2010,South Africa,Johannesburg,2010
2010-06-20,Italy,1,1,New Zealand,FIFA WC 2010,South Africa,Nelspruit,2010
2010-06-20,Slovakia,0,2,Paraguay,FIFA WC 2010,South Africa,Bloemfontein,2010
2010-06-21,Chile,1,0,Switzerland,FIFA WC 2010,South Africa,Port Elizabeth,2010
2010-06-21,Portugal,7,0,North Korea,FIFA WC 2010,South Africa,Cape Town,2010
2010-06-21,Spain,2,0,Honduras,FIFA WC 2010,South Africa,Johannesburg,2010
2010-06-22,Greece,0,2,Argentina,FIFA WC 2010,South Africa,Polokwane,2010
2010-06-22,Mexico,0,1,Uruguay,FIFA WC 2010,South Africa,Rustenburg,2010
2010-06-22,Nigeria,2,2,South Korea,FIFA WC 2010,South Africa,Durban,2010
2010-06-22,South Africa,2,1,France,FIFA WC 2010,South Africa,Bloemfontein,2010
2010-06-23,Australia,2,1,Serbia,FIFA WC 2010,South Africa,Nelspruit,2010
2010-06-23,Ghana,0,1,Germany,FIFA WC 2010,South Africa,Johannesburg,2010
2010-06-23,Slovenia,0,1,England,FIFA WC 2010,South Africa,Port Elizabeth,2010
2010-06-23,United States,1,0,Algeria,FIFA WC 2010,South Africa,Pretoria,2010
2010-06-24,Cameroon,1,2,Netherlands,FIFA WC 2010,South Africa,Cape Town,2010
2010-06-24,Denmark,1,3,Japan,FIFA WC 2010,South Africa,Rustenburg,2010
2010-06-24,Paraguay,0,0,New Zealand,FIFA WC 2010,South Africa,Polokwane,2010
2010-06-24,Slovakia,3,2,Italy,FIFA WC 2010,South Africa,Johannesburg,2010
2010-06-25,Chile,1,2,Spain,FIFA WC 2010,South Africa,Pretoria,2010
2010-06-25,North Korea,0,3,Ivory Coast,FIFA WC 2010,South Africa,Nelspruit,2010
2010-06-25,Portugal,0,0,Brazil,FIFA WC 2010,South Africa,Durban,2010
2010-06-25,Switzerland,0,0,Honduras,FIFA WC 2010,South Africa,Bloemfontein,2010
2010-06-26,Uruguay,2,1,South Korea,FIFA WC 2010,South Africa,Port Elizabeth,2010
2010-06-26,United States,1,2,Ghana,FIFA WC 2010,South Africa,Rustenburg,2010
2010-06-27,Argentina,3,1,Mexico,FIFA WC 2010,South Africa,Johannesburg,2010
2010-06-27,Germany,4,1,England,FIFA WC 2010,South Africa,Bloemfontein,2010
2010-06-28,Brazil,3,0,Chile,FIFA WC 2010,South Africa,Johannesburg,2010
2010-06-28,Netherlands,2,1,Slovakia,FIFA WC 2010,South Africa,Durban,2010
2010-06-29,Paraguay,0,0,Japan,FIFA WC 2010,South Africa,Pretoria,2010
2010-06-29,Spain,1,0,Portugal,FIFA WC 2010,South Africa,Cape Town,2010
2010-07-02,Netherlands,2,1,Brazil,FIFA WC 2010,South Africa,Port Elizabeth,2010
2010-07-02,Uruguay,1,1,Ghana,FIFA WC 2010,South Africa,Johannesburg,2010
2010-07-03,Argentina,0,4,Germany,FIFA WC 2010,South Africa,Cape Town,2010
2010-07-03,Paraguay,0,1,Spain,FIFA WC 2010,South Africa,Johannesburg,2010
2010-07-06,Uruguay,2,3,Netherlands,FIFA WC 2010,South Africa,Cape Town,2010
2010-07-07,Germany,0,1,Spain,FIFA WC 2010,South Africa,Durban,2010
2010-07-10,Uruguay,2,3,Germany,FIFA WC 2010,South Africa,Port Elizabeth,2010
2010-07-11,Netherlands,0,1,Spain,FIFA WC 2010,South Africa,Johannesburg,2010
2014-06-12,Brazil,3,1,Croatia,FIFA WC 2014,Brazil,São Paulo,2014
2014-06-13,Chile,3,1,Australia,FIFA WC 2014,Brazil,Cuiabá,2014
2014-06-13,Mexico,1,0,Cameroon,FIFA WC 2014,Brazil,Natal,2014
2014-06-13,Spain,1,5,Netherlands,FIFA WC 2014,Brazil,Salvador,2014
2014-06-14,Colombia,3,0,Greece,FIFA WC 2014,Brazil,Belo Horizonte,2014
2014-06-14,England,1,2,Italy,FIFA WC 2014,Brazil,Manaus,2014
2014-06-14,Ivory Coast,2,1,Japan,FIFA WC 2014,Brazil,Recife,2014
2014-06-14,Uruguay,1,3,Costa Rica,FIFA WC 2014,Brazil,Fortaleza,2014
2014-06-15,Argentina,2,1,Bosnia and Herzegovina,FIFA WC 2014,Brazil,Rio de Janeiro,2014
2014-06-15,France,3,0,Honduras,FIFA WC 2014,Brazil,Porto Alegre,2014
2014-06-15,Switzerland,2,1,Ecuador,FIFA WC 2014,Brazil,Brasília,2014
2014-06-16,Germany,4,0,Portugal,FIFA WC 2014,Brazil,Salvador,2014
2014-06-16,Ghana,1,2,United States,FIFA WC 2014,Brazil,Natal,2014
2014-06-16,Iran,0,0,Nigeria,FIFA WC 2014,Brazil,Curitiba,2014
2014-06-17,Belgium,2,1,Algeria,FIFA WC 2014,Brazil,Belo Horizonte,2014
2014-06-17,Brazil,0,0,Mexico,FIFA WC 2014,Brazil,Fortaleza,2014
2014-06-17,Russia,1,1,South Korea,FIFA WC 2014,Brazil,Cuiabá,2014
2014-06-18,Australia,2,3,Netherlands,FIFA WC 2014,Brazil,Curitiba,2014
2014-06-18,Cameroon,0,4,Croatia,FIFA WC 2014,Brazil,Manaus,2014
2014-06-18,Spain,0,2,Chile,FIFA WC 2014,Brazil,Rio de Janeiro,2014
2014-06-19,Colombia,2,1,Ivory Coast,FIFA WC 2014,Brazil,Brasília,2014
2014-06-19,Japan,0,0,Greece,FIFA WC 2014,Brazil,Natal,2014
2014-06-19,Uruguay,2,1,England,FIFA WC 2014,Brazil,São Paulo,2014
2014-06-20,Honduras,1,2,Ecuador,FIFA WC 2014,Brazil,Curitiba,2014
2014-06-20,Italy,0,1,Costa Rica,FIFA WC 2014,Brazil,Recife,2014
2014-06-20,Switzerland,2,5,France,FIFA WC 2014,Brazil,Salvador,2014
2014-06-21,Argentina,1,0,Iran,FIFA WC 2014,Brazil,Belo Horizonte,2014
2014-06-21,Germany,2,2,Ghana,FIFA WC 2014,Brazil,Fortaleza,2014
2014-06-21,Nigeria,1,0,Bosnia and Herzegovina,FIFA WC 2014,Brazil,Cuiabá,2014
2014-06-22,Belgium,1,0,Russia,FIFA WC 2014,Brazil,Rio de Janeiro,2014
2014-06-22,South Korea,2,4,Algeria,FIFA WC 2014,Brazil,Porto Alegre,2014
2014-06-22,United States,2,2,Portugal,FIFA WC 2014,Brazil,Manaus,2014
2014-06-23,Australia,0,3,Spain,FIFA WC 2014,Brazil,Curitiba,2014
2014-06-23,Brazil,4,1,Cameroon,FIFA WC 2014,Brazil,Brasília,2014
2014-06-23,Croatia,1,3,Mexico,FIFA WC 2014,Brazil,Recife,2014
2014-06-23,Netherlands,2,0,Chile,FIFA WC 2014,Brazil,São Paulo,2014
2014-06-24,Costa Rica,0,0,England,FIFA WC 2014,Brazil,Belo Horizonte,2014
2014-06-24,Greece,2,1,Ivory Coast,FIFA WC 2014,Brazil,Fortaleza,2014
2014-06-24,Italy,0,1,Uruguay,FIFA WC 2014,Brazil,Natal,2014
2014-06-24,Japan,1,4,Colombia,FIFA WC 2014,Brazil,Cuiabá,2014
2014-06-25,Bosnia and Herzegovina,3,1,Iran,FIFA WC 2014,Brazil,Salvador,2014
2014-06-25,Ecuador,0,0,France,FIFA WC 2014,Brazil,Rio de Janeiro,2014
2014-06-25,Honduras,0,3,Switzerland,FIFA WC 2014,Brazil,Manaus,2014
2014-06-25,Nigeria,2,3,Argentina,FIFA WC 2014,Brazil,Porto Alegre,2014
2014-06-26,Algeria,1,1,Russia,FIFA WC 2014,Brazil,Curitiba,2014
2014-06-26,South Korea,0,1,Belgium,FIFA WC 2014,Brazil,São Paulo,2014
2014-06-26,Portugal,2,1,Ghana,FIFA WC 2014,Brazil,Brasília,2014
2014-06-26,United States,0,1,Germany,FIFA WC 2014,Brazil,Recife,2014
2014-06-28,Brazil,1,1,Chile,FIFA WC 2014,Brazil,Belo Horizonte,2014
2014-06-28,Colombia,2,0,Uruguay,FIFA WC 2014,Brazil,Rio de Janeiro,2014
2014-06-29,Costa Rica,1,1,Greece,FIFA WC 2014,Brazil,Recife,2014
2014-06-29,Netherlands,2,1,Mexico,FIFA WC 2014,Brazil,Fortaleza,2014
2014-06-30,France,2,0,Nigeria,FIFA WC 2014,Brazil,Brasília,2014
2014-06-30,Germany,2,1,Algeria,FIFA WC 2014,Brazil,Porto Alegre,2014
2014-07-01,Argentina,1,0,Switzerland,FIFA WC 2014,Brazil,São Paulo,2014
2014-07-01,Belgium,2,1,United States,FIFA WC 2014,Brazil,Salvador,2014
2014-07-04,Brazil,2,1,Colombia,FIFA WC 2014,Brazil,Fortaleza,2014
2014-07-04,France,0,1,Germany,FIFA WC 2014,Brazil,Rio de Janeiro,2014
2014-07-05,Argentina,1,0,Belgium,FIFA WC 2014,Brazil,Brasília,2014
2014-07-05,Netherlands,0,0,Costa Rica,FIFA WC 2014,Brazil,Salvador,2014
2014-07-08,Brazil,1,7,Germany,FIFA WC 2014,Brazil,Belo Horizonte,2014
2014-07-09,Netherlands,0,0,Argentina,FIFA WC 2014,Brazil,São Paulo,2014
2014-07-12,Brazil,0,3,Netherlands,FIFA WC 2014,Brazil,Brasília,2014
2014-07-13,Germany,1,0,Argentina,FIFA WC 2014,Brazil,Rio de Janeiro,2014
2018-06-14,Russia,5,0,Saudi Arabia,FIFA WC 2018,Russia,Moscow,2018
2018-06-15,Egypt,0,1,Uruguay,FIFA WC 2018,Russia,Ekaterinburg,2018
2018-06-15,Morocco,0,1,Iran,FIFA WC 2018,Russia,Saint Petersburg,2018
2018-06-15,Portugal,3,3,Spain,FIFA WC 2018,Russia,Sochi,2018
2018-06-16,France,2,1,Australia,FIFA WC 2018,Russia,Kazan,2018
2018-06-16,Argentina,1,1,Iceland,FIFA WC 2018,Russia,Moscow,2018
2018-06-16,Peru,0,1,Denmark,FIFA WC 2018,Russia,Saransk,2018
2018-06-16,Croatia,2,0,Nigeria,FIFA WC 2018,Russia,Kaliningrad,2018
2018-06-17,Costa Rica,0,1,Serbia,FIFA WC 2018,Russia,Samara,2018
2018-06-17,Germany,0,1,Mexico,FIFA WC 2018,Russia,Moscow,2018
2018-06-17,Brazil,1,1,Switzerland,FIFA WC 2018,Russia,Rostov-on-Don,2018
2018-06-18,Sweden,1,0,South Korea,FIFA WC 2018,Russia,Nizhny Novgorod,2018
2018-06-18,Belgium,3,0,Panama,FIFA WC 2018,Russia,Sochi,2018
2018-06-18,Tunisia,1,2,England,FIFA WC 2018,Russia,Volgograd,2018
2018-06-19,Colombia,1,2,Japan,FIFA WC 2018,Russia,Saransk,2018
2018-06-19,Poland,1,2,Senegal,FIFA WC 2018,Russia,Moscow,2018
2018-06-19,Russia,3,1,Egypt,FIFA WC 2018,Russia,Saint Petersburg,2018
2018-06-20,Portugal,1,0,Morocco,FIFA WC 2018,Russia,Moscow,2018
2018-06-20,Uruguay,1,0,Saudi Arabia,FIFA WC 2018,Russia,Rostov-on-Don,2018
2018-06-20,Iran,0,1,Spain,FIFA WC 2018,Russia,Kazan,2018
2018-06-21,Denmark,1,1,Australia,FIFA WC 2018,Russia,Samara,2018
2018-06-21,France,1,0,Peru,FIFA WC 2018,Russia,Ekaterinburg,2018
2018-06-21,Argentina,0,3,Croatia,FIFA WC 2018,Russia,Nizhny Novgorod,2018
2018-06-22,Brazil,2,0,Costa Rica,FIFA WC 2018,Russia,Saint Petersburg,2018
2018-06-22,Nigeria,2,0,Iceland,FIFA WC 2018,Russia,Volgograd,2018
2018-06-22,Serbia,1,2,Switzerland,FIFA WC 2018,Russia,Kaliningrad,2018
2018-06-23,Belgium,5,2,Tunisia,FIFA WC 2018,Russia,Moscow,2018
2018-06-23,South Korea,1,2,Mexico,FIFA WC 2018,Russia,Rostov-on-Don,2018
2018-06-23,Germany,2,1,Sweden,FIFA WC 2018,Russia,Sochi,2018
2018-06-24,England,6,1,Panama,FIFA WC 2018,Russia,Nizhny Novgorod,2018
2018-06-24,Japan,2,2,Senegal,FIFA WC 2018,Russia,Ekaterinburg,2018
2018-06-24,Poland,0,3,Colombia,FIFA WC 2018,Russia,Kazan,2018
2018-06-25,Russia,0,3,Uruguay,FIFA WC 2018,Russia,Samara,2018
2018-06-25,Saudi Arabia,2,1,Egypt,FIFA WC 2018,Russia,Volgograd,2018
2018-06-25,Spain,2,2,Morocco,FIFA WC 2018,Russia,Kaliningrad,2018
2018-06-25,Iran,1,1,Portugal,FIFA WC 2018,Russia,Saransk,2018
2018-06-26,Australia,0,2,Peru,FIFA WC 2018,Russia,Sochi,2018
2018-06-26,Denmark,0,0,France,FIFA WC 2018,Russia,Moscow,2018
2018-06-26,Nigeria,1,2,Argentina,FIFA WC 2018,Russia,Saint Petersburg,2018
2018-06-26,Iceland,1,2,Croatia,FIFA WC 2018,Russia,Rostov-on-Don,2018
2018-06-27,South Korea,2,0,Germany,FIFA WC 2018,Russia,Kazan,2018
2018-06-27,Mexico,0,3,Sweden,FIFA WC 2018,Russia,Ekaterinburg,2018
2018-06-27,Serbia,0,2,Brazil,FIFA WC 2018,Russia,Moscow,2018
2018-06-27,Switzerland,2,2,Costa Rica,FIFA WC 2018,Russia,Nizhny Novgorod,2018
2018-06-28,Japan,0,1,Poland,FIFA WC 2018,Russia,Volgograd,2018
2018-06-28,Senegal,0,1,Colombia,FIFA WC 2018,Russia,Samara,2018
2018-06-28,Panama,1,2,Tunisia,FIFA WC 2018,Russia,Saransk,2018
2018-06-28,England,0,1,Belgium,FIFA WC 2018,Russia,Kaliningrad,2018
2018-06-30,France,4,3,Argentina,FIFA WC 2018,Russia,Kazan,2018
2018-06-30,Uruguay,2,1,Portugal,FIFA WC 2018,Russia,Sochi,2018
2018-07-01,Russia,1,1,Spain,FIFA WC 2018,Russia,Moscow,2018
2018-07-01,Croatia,1,1,Denmark,FIFA WC 2018,Russia,Nizhny Novgorod,2018
2018-07-02,Brazil,2,0,Mexico,FIFA WC 2018,Russia,Samara,2018
2018-07-02,Belgium,3,2,Japan,FIFA WC 2018,Russia,Rostov-on-Don,2018
2018-07-03,Sweden,1,0,Switzerland,FIFA WC 2018,Russia,Saint Petersburg,2018
2018-07-03,Colombia,1,1,England,FIFA WC 2018,Russia,Moscow,2018
2018-07-06,Uruguay,0,2,France,FIFA WC 2018,Russia,Nizhny Novgorod,2018
2018-07-06,Brazil,1,2,Belgium,FIFA WC 2018,Russia,Kazan,2018
2018-07-07,Sweden,0,2,England,FIFA WC 2018,Russia,Samara,2018
2018-07-07,Russia,2,2,Croatia,FIFA WC 2018,Russia,Sochi,2018
2018-07-10,France,1,0,Belgium,FIFA WC 2018,Russia,Saint Petersburg,2018
2018-07-11,Croatia,2,1,England,FIFA WC 2018,Russia,Moscow,2018
2018-07-14,Belgium,2,0,England,FIFA WC 2018,Russia,Saint Petersburg,2018
2018-07-15,France,4,2,Croatia,FIFA WC 2018,Russia,Moscow,2018
2022-11-20,Qatar,0,2,Ecuador,FIFA WC 2022,Qatar,Al Khor,2022
2022-11-21,Senegal,0,2,Netherlands,FIFA WC 2022,Qatar,Doha,2022
2022-11-21,England,6,2,Iran,FIFA WC 2022,Qatar,Al Rayyan,2022
2022-11-21,United States,1,1,Wales,FIFA WC 2022,Qatar,Al Rayyan,2022
2022-11-22,Argentina,1,2,Saudi Arabia,FIFA WC 2022,Qatar,Lusail,2022
2022-11-22,Mexico,0,0,Poland,FIFA WC 2022,Qatar,Doha,2022
2022-11-22,Denmark,0,0,Tunisia,FIFA WC 2022,Qatar,Al Rayyan,2022
2022-11-22,France,4,1,Australia,FIFA WC 2022,Qatar,Al Wakrah,2022
2022-11-23,Germany,1,2,Japan,FIFA WC 2022,Qatar,Al Rayyan,2022
2022-11-23,Spain,7,0,Costa Rica,FIFA WC 2022,Qatar,Doha,2022
2022-11-23,Morocco,0,0,Croatia,FIFA WC 2022,Qatar,Al Khor,2022
2022-11-23,Belgium,1,0,Canada,FIFA WC 2022,Qatar,Al Rayyan,2022
2022-11-24,Switzerland,1,0,Cameroon,FIFA WC 2022,Qatar,Al Wakrah,2022
2022-11-24,Brazil,2,0,Serbia,FIFA WC 2022,Qatar,Lusail,2022
2022-11-24,Uruguay,0,0,South Korea,FIFA WC 2022,Qatar,Al Rayyan,2022
2022-11-24,Portugal,3,2,Ghana,FIFA WC 2022,Qatar,Doha,2022
2022-11-25,Qatar,1,3,Senegal,FIFA WC 2022,Qatar,Doha,2022
2022-11-25,Netherlands,1,1,Ecuador,FIFA WC 2022,Qatar,Al Rayyan,2022
2022-11-25,Wales,0,2,Iran,FIFA WC 2022,Qatar,Al Rayyan,2022
2022-11-25,England,0,0,United States,FIFA WC 2022,Qatar,Al Khor,2022
2022-11-26,Poland,2,0,Saudi Arabia,FIFA WC 2022,Qatar,Al Rayyan,2022
2022-11-26,Argentina,2,0,Mexico,FIFA WC 2022,Qatar,Lusail,2022
2022-11-26,Tunisia,0,1,Australia,FIFA WC 2022,Qatar,Al Wakrah,2022
2022-11-26,France,2,1,Denmark,FIFA WC 2022,Qatar,Doha,2022
2022-11-27,Japan,0,1,Costa Rica,FIFA WC 2022,Qatar,Al Rayyan,2022
2022-11-27,Spain,1,1,Germany,FIFA WC 2022,Qatar,Al Khor,2022
2022-11-27,Belgium,0,2,Morocco,FIFA WC 2022,Qatar,Doha,2022
2022-11-27,Croatia,4,1,Canada,FIFA WC 2022,Qatar,Al Rayyan,2022
2022-11-28,Cameroon,3,3,Serbia,FIFA WC 2022,Qatar,Al Wakrah,2022
2022-11-28,Brazil,1,0,Switzerland,FIFA WC 2022,Qatar,Doha,2022
2022-11-28,South Korea,2,3,Ghana,FIFA WC 2022,Qatar,Al Rayyan,2022
2022-11-28,Portugal,2,0,Uruguay,FIFA WC 2022,Qatar,Lusail,2022
2022-11-29,Ecuador,1,2,Senegal,FIFA WC 2022,Qatar,Al Rayyan,2022
2022-11-29,Qatar,0,2,Netherlands,FIFA WC 2022,Qatar,Al Khor,2022
2022-11-29,Wales,0,3,England,FIFA WC 2022,Qatar,Al Rayyan,2022
2022-11-29,Iran,0,1,United States,FIFA WC 2022,Qatar,Doha,2022
2022-11-30,Poland,0,2,Argentina,FIFA WC 2022,Qatar,Doha,2022
2022-11-30,Saudi Arabia,1,2,Mexico,FIFA WC 2022,Qatar,Lusail,2022
2022-11-30,Australia,1,0,Denmark,FIFA WC 2022,Qatar,Al Wakrah,2022
2022-11-30,Tunisia,1,0,France,FIFA WC 2022,Qatar,Al Rayyan,2022
2022-12-01,Japan,2,1,Spain,FIFA WC 2022,Qatar,Al Rayyan,2022
2022-12-01,Costa Rica,2,4,Germany,FIFA WC 2022,Qatar,Al Khor,2022
2022-12-01,Croatia,0,0,Belgium,FIFA WC 2022,Qatar,Al Rayyan,2022
2022-12-01,Canada,1,2,Morocco,FIFA WC 2022,Qatar,Doha,2022
2022-12-02,Serbia,2,3,Switzerland,FIFA WC 2022,Qatar,Doha,2022
2022-12-02,Cameroon,1,0,Brazil,FIFA WC 2022,Qatar,Lusail,2022
2022-12-02,Ghana,0,2,Uruguay,FIFA WC 2022,Qatar,Al Wakrah,2022
2022-12-02,South Korea,2,1,Portugal,FIFA WC 2022,Qatar,Al Rayyan,2022
2022-12-03,Netherlands,3,1,United States,FIFA WC 2022,Qatar,Al Rayyan,2022
2022-12-03,Argentina,2,1,Australia,FIFA WC 2022,Qatar,Al Rayyan,2022
2022-12-04,France,3,1,Poland,FIFA WC 2022,Qatar,Doha,2022
2022-12-04,England,3,0,Senegal,FIFA WC 2022,Qatar,Al Khor,2022
2022-12-05,Japan,1,1,Croatia,FIFA WC 2022,Qatar,Al Wakrah,2022
2022-12-05,Brazil,4,1,South Korea,FIFA WC 2022,Qatar,Doha,2022
2022-12-06,Morocco,0,0,Spain,FIFA WC 2022,Qatar,Al Rayyan,2022
2022-12-06,Portugal,6,1,Switzerland,FIFA WC 2022,Qatar,Lusail,2022
2022-12-09,Croatia,1,1,Brazil,FIFA WC 2022,Qatar,Al Rayyan,2022
2022-12-09,Netherlands,2,2,Argentina,FIFA WC 2022,Qatar,Lusail,2022
2022-12-10,Morocco,1,0,Portugal,FIFA WC 2022,Qatar,Doha,2022
2022-12-10,England,1,2,France,FIFA WC 2022,Qatar,Al Khor,2022
2022-12-13,Argentina,3,0,Croatia,FIFA WC 2022,Qatar,Lusail,2022
2022-12-14,France,2,0,Morocco,FIFA WC 2022,Qatar,Al Khor,2022
2022-12-17,Croatia,2,1,Morocco,FIFA WC 2022,Qatar,Al Rayyan,2022
2022-12-18,Argentina,3,3,France,FIFA WC 2022,Qatar,Lusail,2022
